CODE_QUARTIER;INCOME_1;INCOME_2;INCOME_3;INCOME_4;INCOME_5;INCOME_6;INCOME_7;INCOME_8;INCOME_9;INCOME_10;INCOME_11;INCOME_12;INCOME_13;INCOME_14;INCOME_15;INCOME_16;FAMILIES_1;FAMILIES_2;FAMILIES_3;FAMILIES_4;FAMILIES_5;FAMILIES_6;FAMILIES_7;FAMILIES_8;FAMILIES_9;FAMILIES_10;POP_IN_LABOUR_FORCE_CIVIL_EMP;POP_IN_LABOUR_FORCE_CIVIL_UNEMP;POP_IN_LABOUR_FORCE_ARME;POP_OUT_LABOUR_FORCE;OCC_1;OCC_2;OCC_3;OCC_4;OCC_5;IND_1;IND_2;IND_3;IND_4;IND_5;IND_6;IND_7;IND_8;IND_9;IND_10;IND_11;IND_12;IND_13;WORKER_1;WORKER_2;WORKER_3;WORKER_4;0_VEHICLE;1_VEHICULE;2_VEHICULE;3_MORE_VEHICULE;SEXE_M;SEXE_F;TR1_AGE ;TR2_AGE ;TR3_AGE ;TR4_AGE ;TR5_AGE ;TR6_AGE ;TR7_AGE ;TR8_AGE ;TR9_AGE ;TR10_AGE ;TR11_AGE ;TR12_AGE ;TR13_AGE ;RELATION_HOUSEHOLDER;RELATION_SPOSE;RELATION_CHILD;RELATION_OTHER;RELATION_NORELATIVE;RELATION_NORELATIVE_UNMARRIED;SCHOOL_BEFORE;SCHOOL_KINDERGARDEN;SCHOOL_ELEMENTARY;SCHOOL_HIGH;SCHOOL_COLLEGE;EDUC_1;EDUC_2;EDUC_3;EDUC_4;EDUC_5;EDUC_6;EDUC_7;OWNER_OCC;RENTER_OCC;1_UNIT_DET;1_UNIT_ATT;2_UNITS;3_4_UNITS;5_9_UNITS;10_19_UNITS;20_MORE_UNITS;MOBILE_HOME;BOAT_RV_VAN
BK72;1726;1558;1411;999;1035;672;389;318;81;110;6354;1584;269;825;385;4501;976;1312;1260;937;899;634;316;303;81;95;7970;437;0;10160;2674;1014;3347;239;696;62;222;849;523;1092;172;130;545;654;2931;243;422;125;7171;524;275;0;6108;2075;107;9;16820;16008;6163;3773;3620;3279;3064;3960;2416;2161;1306;987;796;770;533;8299;5555;17406;1007;296;230;1708;1105;5890;3200;1844;1889;2398;4915;2244;483;577;423;1147;7152;319;338;748;2276;776;466;3961;43;12
BK73;2200;1407;2018;1715;2060;3013;1928;2461;1117;1253;15944;3104;716;1459;659;4812;788;836;1373;999;1195;1062;652;862;402;522;25281;1754;27;10751;13240;4133;5817;824;1267;13;813;1167;639;2392;693;2199;1911;5346;4250;4125;1105;628;20648;2094;2438;101;13728;4837;565;42;22290;23780;3017;2480;2315;2361;4123;13445;7162;4860;1684;1405;1683;1014;521;19172;5109;11760;2867;6966;2172;578;619;3641;2215;2800;3418;3086;4676;4218;1205;9827;5344;2866;16306;497;416;1247;3156;3991;2111;9422;104;0
BK76;1270;711;1238;1410;1484;2868;2286;2171;955;731;12700;2418;917;462;194;801;355;182;505;689;681;1096;777;1259;372;414;19849;1289;10;7519;9383;3080;4344;1691;1351;18;1715;978;412;1817;561;1975;1188;3504;3388;2717;1012;564;16333;1853;1619;44;10019;4193;778;134;15499;16023;937;878;914;879;2653;10463;4465;4068;2045;1519;1314;986;401;15124;4603;5410;1531;4639;1357;163;213;1305;866;2746;1554;1234;4658;3362;2170;7844;4439;2859;12265;363;522;1997;4409;7816;1183;973;39;0
BK90;1481;1265;1927;1471;1600;2484;1679;1871;701;409;11519;3508;1379;1103;553;3019;444;614;1042;885;841;1103;549;849;266;172;18002;1709;16;9704;8032;3614;4005;885;1466;0;761;1192;513;1392;611;1631;1200;3091;3056;3346;744;465;14646;1653;1659;44;10397;3694;703;94;15587;17568;1341;913;1342;1460;3038;9522;4605;3482;1575;1450;2128;1741;558;14888;3931;6991;2137;4822;1338;341;289;1620;1261;2919;3106;2858;5061;3477;1247;6223;3089;2396;12492;339;647;1679;2673;4470;1062;4923;0;21
BK09;580;195;628;537;775;1430;1249;1921;1115;2916;9630;2402;1466;114;106;230;38;50;77;105;72;373;363;790;753;2163;14060;788;0;5902;10086;910;2568;282;214;0;163;243;216;669;293;1269;2346;3787;2902;893;567;712;10844;1569;1647;0;8194;2801;290;61;11805;11693;1538;543;547;1109;1464;5809;4242;2564;1446;1355;1610;854;417;11346;4292;3775;646;1309;728;412;90;922;515;2393;203;123;1396;1283;640;6387;8265;4957;6389;98;451;462;1155;1897;1541;7131;0;0
BK38;1784;787;1274;995;1357;1575;1502;2084;1369;2358;12308;2667;1300;1191;701;3078;675;395;711;473;742;648;525;880;765;1578;18202;2042;0;9200;11354;2170;3678;399;601;0;290;826;452;1434;339;1432;2024;3832;4244;1725;803;801;14079;2287;1817;19;10868;3647;524;46;17227;18146;2145;2038;1487;1448;2276;8988;6349;4529;1339;1505;1857;928;484;15085;4214;8252;2021;3319;1444;455;464;2855;1119;2691;2065;2117;3972;2952;959;7423;6491;3675;11410;235;589;1326;2266;1618;939;10051;9;0
BK68;1405;834;989;1196;926;1593;1234;1734;816;833;8967;2427;1029;1024;636;2442;569;421;449;449;490;680;592;856;342;588;13331;1780;0;7582;7626;2419;2437;304;545;6;260;456;111;1070;406;1129;811;2241;3880;1508;735;718;10104;2148;1079;0;8003;2941;470;146;11367;15615;1640;1200;1285;1521;2329;6268;4293;2867;1169;1373;1575;1036;426;11560;2591;5766;2571;2228;853;398;445;1770;893;2864;1591;2058;2807;2412;976;4455;4708;2531;9029;157;360;1131;2667;1437;842;6495;0;19
BK69;1480;749;1379;1236;1603;2432;1741;2123;1211;983;11863;2974;1767;615;289;1926;326;259;597;479;660;1102;778;1011;717;607;19069;1951;0;9884;10533;3002;3852;620;1062;38;551;548;337;1484;841;1348;1609;3674;4428;2447;850;914;14175;3189;1705;0;8877;4984;793;283;17412;19001;2191;1762;1290;1911;4569;8290;6195;3367;1850;1704;1952;807;525;14937;3836;7459;2898;5429;1544;574;377;2407;928;5537;1107;1629;3887;4039;1138;7351;5539;5018;9919;334;922;1893;4182;2263;1213;6144;12;43
BK35;4370;1840;3148;2422;3232;3636;2298;2134;854;426;16989;5819;2730;2776;2253;8318;2093;878;1982;1310;2055;2306;1586;1434;676;337;25298;4787;31;19712;8070;7133;6035;1553;2507;0;1334;761;512;2473;1922;582;1884;2727;8092;1816;1263;1932;17865;5933;1500;0;16239;6721;1147;253;28872;35459;4878;4337;4312;4478;5326;10603;9019;8682;3422;3064;3961;1652;597;24360;5038;19804;10115;4320;1368;1196;904;6844;4281;4360;4071;5759;12516;7226;2581;5917;2930;5608;18752;515;1431;5641;8523;4805;2029;5540;0;0
BK75;3845;2241;3186;2725;3049;4088;2099;2005;580;407;18619;4690;2130;2445;1833;8447;1787;1413;1921;1841;2157;2598;1292;1194;420;280;27423;3606;0;19832;9059;6978;7310;1745;2331;69;1259;1020;644;3053;1701;1154;1814;2716;8647;2913;1032;1401;21053;4984;1363;23;16371;6642;981;231;33241;36854;7277;5714;5326;5255;6497;12341;9768;7375;2597;2716;3003;1786;440;24225;6653;26406;7212;4798;1405;1844;1435;9081;4778;4961;3963;5725;11362;7311;2280;5993;3392;4784;19441;468;1263;3612;8866;3724;3836;6443;16;26
BK77;2841;1326;2630;2277;2821;3539;1697;1237;340;177;15040;2687;768;2078;1134;7011;1758;1047;2012;2050;2113;2417;876;793;197;152;27351;3095;42;17897;5423;8707;4921;3316;4984;46;3155;2422;822;2953;1523;705;917;2871;5354;4191;1971;421;23148;2299;1876;28;14255;3703;786;141;31752;30065;4902;4077;3684;4930;6965;13567;9016;6732;2529;1826;2193;1040;356;18885;5576;19405;9664;7773;2189;937;1088;6256;3919;4192;11957;6454;7619;3795;1538;4196;1700;1941;16944;195;460;2325;4515;10891;797;1493;42;0
BK78;4120;1810;3781;2246;3448;4022;2123;1955;401;258;18029;5071;1755;3271;1488;8727;2006;1028;2624;1398;2396;2697;1369;1479;197;130;29645;4771;0;21083;7834;9645;6965;1845;3356;32;1367;1479;695;4015;1956;1065;1647;3591;7039;3823;1684;1252;22942;4642;1976;85;16492;6094;1319;259;33944;37303;4585;5066;5144;5310;6751;14537;9218;8255;3388;2754;3644;2003;592;24164;6230;24003;9618;6258;1295;1072;1035;8363;4527;5308;8840;6385;11797;6648;2695;5822;2204;4090;20074;669;1023;5237;6564;5243;2649;6134;58;0
BK82;6309;2262;3959;3563;4598;4799;2267;2208;575;231;21744;5942;2866;2706;2648;8236;3796;1394;2792;2613;3419;3688;1748;1857;463;220;32223;4996;26;30703;6484;10741;8624;2053;4321;0;1565;1249;280;3602;3355;740;2091;3203;10393;1995;1695;2055;24797;6356;1054;16;19218;8646;2240;667;40807;51149;7596;7463;7391;8228;7706;12579;12456;11454;4514;3982;5293;2182;1112;30771;8150;35511;12398;3343;1677;1809;1397;12421;7016;5870;5402;7827;21876;8966;3022;4340;2139;7260;23511;1632;2886;9004;7746;2226;1420;10017;22;0
BK83;2187;1030;1486;1348;2054;2515;1207;1205;332;270;10907;2321;793;805;775;2869;1437;727;1205;1136;1629;2211;1077;1050;296;208;18977;1609;38;15432;3214;6102;4936;2176;2549;11;1832;1027;516;2234;1688;293;1135;1904;4628;2029;980;700;16114;2091;767;5;7971;4151;1213;299;22721;24805;3983;3421;3296;4415;4627;6811;7035;6652;2319;1618;1937;1237;175;13634;5531;18193;7834;2185;678;842;559;5556;3716;2641;3711;4611;11332;3852;1269;2086;923;4368;9266;1375;1337;6630;4083;945;285;1197;40;0
BK93;1521;807;884;654;976;930;335;155;63;53;3444;2224;794;1149;213;1967;362;447;475;329;525;630;220;138;63;53;4168;668;0;5753;1736;817;1290;71;254;0;49;61;65;555;209;201;321;136;1751;186;215;419;2506;1586;76;0;4075;1926;377;0;4442;8380;626;878;605;757;1125;1342;1537;1592;587;495;1370;1457;451;6378;1113;3635;1555;80;29;113;168;1204;706;1090;809;773;2827;1633;790;1094;905;115;6263;75;0;47;30;77;375;5862;0;0
BK33;1592;863;1182;1153;1576;2545;1852;2990;1535;2340;14290;3131;1497;1054;491;2148;567;470;463;640;832;1259;789;1592;761;1769;21216;2179;8;8930;13376;2399;4232;400;809;12;363;778;500;1962;394;2149;2069;4543;4756;2141;757;792;16092;2803;2321;0;10483;6077;889;179;18464;20958;2398;2346;1936;1595;1883;9184;7377;4576;2333;1666;2056;1422;650;17628;6116;9704;1906;3431;1717;859;460;3353;1525;2352;1854;1923;4271;3008;1174;9399;7635;4668;12960;283;1160;2554;5856;3550;1124;4800;72;0
BK37;1241;801;1404;1261;2596;4804;3903;6083;3590;5385;27780;4664;2914;638;279;1352;315;182;496;533;1119;1925;1660;3371;2373;3970;45322;3139;30;12577;31342;4183;7448;967;1382;62;795;1465;789;2296;997;4709;4682;9906;11004;4478;2293;1846;34481;6425;4416;0;17710;11415;1702;241;34912;37952;4946;3355;2875;2649;4557;19019;13091;8752;3972;3637;3531;1724;756;31068;12509;16593;3024;9078;3509;1469;887;4791;2497;5871;1924;2380;4890;4901;1524;19336;19527;12042;19026;664;3292;4925;8107;8383;3493;4765;21;0
BK32;1798;1172;2348;1913;2571;2909;1644;1824;425;419;14191;3174;1119;1163;1258;4368;865;823;1654;1542;1720;1861;1127;1162;321;309;25187;2902;1;15241;6581;7546;4898;2489;3673;56;1962;1995;794;2398;1160;990;1318;2471;5098;4680;1767;498;21632;2118;1421;16;11118;4928;766;211;29432;25500;4340;3811;3016;3040;4887;12509;7813;6513;2741;1867;2287;1429;679;17023;6955;16616;6270;5373;1504;982;887;5288;2571;3979;8737;5766;7537;3981;1724;5395;2698;3977;13046;365;1100;3495;5001;4452;1502;2457;0;0
BK34;2385;1841;3308;2751;3077;3230;1766;1492;407;287;17135;3742;1250;1607;1748;6157;1479;1242;2976;2286;2319;2346;1202;1193;321;232;31978;3987;15;19835;5238;12073;6164;3211;5292;49;2866;2925;1008;2806;1473;533;1281;2510;4816;8565;2464;682;26909;2591;2411;67;13657;5673;1076;138;36563;34897;5474;5107;4304;4618;6055;13777;10606;9409;3624;2727;2919;2247;593;20544;10206;23229;10529;6892;1260;1053;1014;7564;3937;4745;14854;8955;10199;3534;1697;4904;1759;4197;16347;539;951;4336;6435;4391;1819;3420;15;0
BK40;611;300;635;740;776;1391;1356;1858;841;1002;8068;1795;996;381;144;624;221;129;266;235;418;662;798;1239;758;741;12979;808;0;4966;7977;1582;2331;529;560;0;581;469;227;678;525;1034;1161;2081;3386;1364;686;787;9194;2230;1555;0;4229;4196;915;170;10698;11873;1689;989;986;769;1811;3841;4085;3175;1701;951;1261;964;349;9510;4093;5645;1386;1880;842;344;282;1520;721;1996;804;775;2981;1654;995;4380;4738;4287;5223;423;1309;2089;1250;871;307;3781;0;0
BK61;6695;3759;4918;4495;6357;6412;3401;3290;907;584;30494;8847;3632;3231;2891;10880;3136;1657;2681;2556;3628;3739;2038;1972;673;479;43139;6483;97;30625;14277;12226;10527;2376;3733;39;1799;1236;734;3620;3086;1814;3812;4558;13732;3719;2612;2378;32554;8219;2338;28;28954;9646;1894;324;44442;55688;6469;5193;6597;7507;7484;18898;13501;13745;4898;4710;6357;3073;1698;40818;7869;29894;11705;7344;2497;1356;1319;9870;6548;7823;5460;8897;20116;12119;4101;10686;5501;6041;34777;1021;1774;5883;8298;6831;5875;16234;24;62
BK64;542;250;720;576;769;1623;1080;1937;850;1047;8276;1354;743;120;189;680;228;47;349;206;272;530;340;886;479;718;12988;1055;0;3626;8768;1383;2102;302;433;0;142;276;156;679;391;1701;1191;2350;3630;1219;577;676;9611;2058;1289;30;6402;2689;278;25;9720;10729;1213;878;545;660;1174;5861;3966;2352;1286;877;994;396;247;9394;2639;3671;1390;3195;1222;484;165;1108;412;1869;622;667;1748;1575;649;5916;4802;3078;6316;139;421;979;1752;1765;1461;3754;0;0
BK60;2851;1836;3239;3401;3974;5219;2316;2022;771;387;21128;5944;2631;1558;1215;5417;1321;861;1593;2233;2586;3187;1716;1608;659;255;31399;5511;0;18931;8997;10816;7196;1968;2422;17;1662;722;362;2787;2489;835;1960;2715;12006;2377;2190;1277;23270;5982;2136;11;16804;7847;1138;227;31645;37752;4835;4474;3472;4338;5724;11533;9259;8811;4463;3868;5021;2500;1099;26016;6581;21257;9597;3910;1260;1524;1047;6218;3519;6435;3916;4755;14983;9671;2909;6645;3675;4256;21760;822;2046;2713;2542;1917;1309;16647;35;58
BK63;2083;1204;2115;1641;1917;2205;1551;1336;324;286;11305;3485;1593;1091;644;3494;749;562;1101;1044;1221;1433;1240;1021;297;242;16742;3117;14;11353;5523;5180;3951;688;1400;0;519;364;230;1598;1237;493;1285;1508;5906;1339;1198;1065;12504;3234;986;18;9412;4317;807;126;19627;21616;2953;3246;3317;2827;4298;5829;4935;5182;2627;2012;2265;1347;405;14662;4545;15586;4151;2096;794;823;701;5172;2408;4147;2325;2715;7097;4784;1856;3801;2024;2203;12459;430;1067;1441;834;674;915;10258;0;11
BK30;793;744;1647;1783;1885;2860;1678;2063;907;606;11555;4869;2430;813;684;2114;425;393;1102;1387;1477;2170;1146;1550;770;519;19964;1810;0;15250;5869;5078;4739;2406;1872;38;2303;1284;620;1944;750;386;1846;1669;4449;2744;1146;785;16311;2566;980;107;5702;6148;2468;648;22395;22821;2707;2463;2482;2559;3206;6835;6188;6205;2817;2483;3595;2526;1150;14966;8618;13294;5796;2159;668;486;404;3855;2254;3278;6116;3227;9337;3731;1773;4662;2953;7063;7903;1598;2753;4288;3976;1466;788;1138;45;0
BK31;2495;1683;3626;3151;4614;5995;4388;4464;2481;2093;26983;9434;5193;1208;939;3892;750;589;1714;1509;2433;3370;2500;3005;1940;1639;38593;3587;332;26144;18086;5650;9353;2222;3282;58;2026;1719;723;3364;2410;1322;4482;4898;10073;3128;2020;2370;30088;6563;1942;0;16515;13925;3981;569;39949;43872;5244;4870;3981;4670;4917;14136;12637;11878;5109;4645;5916;4028;1790;34990;14581;24463;5314;4081;1670;1227;972;6915;3676;6733;4422;4405;13975;8479;2992;15323;10543;12404;22586;2552;3884;6071;3412;3402;1595;16203;6;0
BK27;966;868;1096;1244;1386;1654;1234;1497;421;360;7365;3371;1761;1009;496;1637;399;477;495;794;1110;1288;919;1297;360;312;12340;1063;0;10694;4200;2381;3439;986;1334;10;778;784;396;1382;1067;276;1155;1529;2785;1264;598;316;10008;1841;491;0;4637;4430;1399;260;14421;14890;1807;1686;1515;1227;1825;4569;4277;3605;1771;1780;2782;1813;654;10726;5897;8416;2804;1241;385;333;326;2504;1187;2206;2501;2535;7147;2267;1334;3517;1950;4473;6253;705;1486;3330;2340;825;554;2381;19;0
BK28;2347;2113;3800;3855;4469;5735;2538;3062;1207;591;22551;8572;3719;2559;1469;5421;832;1162;2375;2712;3665;4466;2076;2559;1056;523;36452;3928;21;30368;9166;9292;9070;3735;5189;55;3002;2416;1220;3885;2683;810;3450;3793;7032;4954;2145;1007;30616;3878;1928;30;15678;10467;2914;658;41882;44710;5091;4671;5017;5283;5894;13943;11443;11884;5197;4925;6872;4073;2299;29717;16733;26855;8864;3578;926;911;1278;7566;4689;6370;10121;8748;19727;6481;3597;8012;3950;10532;19185;1752;3343;7476;8333;2820;1195;6920;58;0
BK29;1618;1504;2797;2769;3738;3582;2375;2129;730;495;16192;6333;3136;1935;1063;4286;667;786;1556;2187;2957;2646;1996;1837;695;462;26753;2970;0;20985;7199;6361;6346;2994;3853;10;2516;1584;1042;2825;1987;450;2170;2708;6199;2686;1793;783;21790;3484;1479;0;11075;8311;2047;304;30046;31020;3327;3453;2910;3035;3814;9512;8710;8291;4131;3677;5423;3633;1150;21737;12156;17547;7257;2180;597;497;883;4951;2471;4477;6872;6894;13729;4200;2750;6498;3584;7875;13862;1303;2271;5892;5681;1641;653;5762;63;4
BK41;1027;1185;1803;1269;1506;2064;1272;989;590;332;9848;2325;1151;1054;372;2668;413;722;1254;878;1032;1413;802;712;518;282;15434;1457;67;10576;5397;3354;3773;1303;1607;0;1225;580;231;1836;1005;782;948;1600;4394;1346;982;505;12101;1911;1403;19;6952;3954;939;192;17737;18462;2914;2508;2704;2543;2562;6184;5135;4191;1673;2088;1946;1230;521;12037;6020;12436;3696;1605;536;602;666;3935;2312;2933;2417;1982;5644;3115;1780;5086;2944;3441;8596;858;747;1690;1984;639;532;6110;0;0
BK46;591;351;884;560;774;1279;703;883;231;351;4947;1872;698;359;111;1007;143;234;524;384;560;1044;537;784;199;331;7409;851;33;6336;3063;1112;2193;445;596;12;363;320;564;928;441;107;717;943;2193;352;293;176;5969;738;702;0;2409;2766;1153;279;9573;9968;1663;1582;1400;1648;1576;2382;1874;2251;1227;1306;1177;965;490;6607;3706;7691;1148;376;150;410;397;2322;1114;1786;859;776;3300;2016;798;2335;1588;2897;3710;1224;680;1632;724;195;173;2537;34;0
BK88;2375;2731;4719;4078;3705;4138;2298;2468;1114;699;22569;6520;2180;1765;1987;8141;1389;1914;3449;3424;2934;3535;2001;2020;982;590;35800;2710;19;31105;12119;6876;11021;2834;2950;39;2732;2023;1949;4569;1030;488;2729;3107;11144;3368;2149;473;30690;2651;2399;60;15005;10920;2038;362;54766;51437;13731;11024;9717;8580;8122;15161;10136;10000;4855;4934;3941;3565;2437;28325;18516;48333;5962;3940;1021;2843;2802;16753;8092;6559;8299;7026;20096;7249;2167;6134;4058;8682;19643;1741;3099;7852;8605;2150;941;6277;39;0
BK19;2928;1318;1531;1504;1509;1406;1384;1239;523;422;8760;2558;1330;3023;342;4240;472;920;796;814;997;1025;919;1027;491;384;13095;1086;44;12661;4841;3035;2845;992;1382;8;732;669;393;1203;867;293;1246;1257;4440;844;711;432;10755;1709;625;6;8536;4180;820;228;14495;17089;1566;1534;1224;1643;1965;4053;3549;4987;2060;2235;2771;3020;977;13764;5789;7969;2460;1198;346;295;326;2218;1293;2331;1683;1444;6067;2482;2671;6491;2814;4047;9717;858;612;1474;1546;645;349;9789;0;0
BK21;2455;1172;1668;1424;1462;1422;708;559;284;61;6697;3412;1161;2654;1207;5195;784;780;1059;1009;1236;1138;642;500;227;52;9752;2570;10;12412;1779;2976;2813;819;1365;0;576;370;424;1421;862;220;526;894;2484;1004;576;395;7601;1488;663;0;7838;2543;596;238;13849;16169;1349;1691;1666;2707;2150;2947;3103;4311;1958;1965;3180;2175;816;11215;4228;9864;2201;919;448;271;400;2499;2672;1842;2370;4091;6428;2672;1310;2231;1353;1856;9359;575;1271;728;797;597;197;7988;24;0
BK23;920;831;1081;701;1092;1517;606;884;196;198;4452;3662;1722;1218;189;1908;80;326;470;435;813;930;501;782;114;198;6332;439;62;7507;2602;1356;1451;400;523;15;358;361;73;312;479;155;579;599;2518;348;357;178;5041;1046;245;0;4174;3362;435;55;6552;8920;371;375;355;342;611;1108;1603;2031;1181;1529;3071;2043;852;8026;3549;2946;718;228;112;43;64;469;401;943;481;791;3846;1635;1252;3603;1810;3044;4982;41;9;19;81;16;31;8367;0;0
BK26;1382;930;1730;1452;1521;1552;938;956;364;243;6729;3976;2092;1660;548;2802;278;505;972;1130;1229;1266;799;779;289;230;10646;1448;0;11075;3266;2397;2636;927;1420;0;735;689;580;984;916;221;863;1078;2744;800;697;339;8388;1806;452;0;5687;4271;810;300;12635;15124;1436;1259;1494;1583;1590;3580;3272;3540;1883;1881;3503;1818;920;11068;5471;7943;2616;598;226;283;371;2176;1302;1809;2733;2539;6709;2536;1170;2954;1756;4005;7063;640;752;2018;2131;307;253;5372;17;0
BK42;4345;2696;3974;4535;5661;6848;3792;3441;1276;914;30694;6539;2857;2739;1924;9497;1718;1447;2377;3058;3876;4561;2442;2516;1064;706;47909;5501;68;29120;14208;15101;10975;2873;4752;0;2281;1487;1057;4803;3303;1468;3644;5298;15543;3992;3270;1763;36383;7351;4175;0;22495;12301;2222;464;48046;57048;7472;6855;6727;7755;8663;16322;15095;15188;6084;5079;5955;2808;1091;37482;12379;34594;13785;6147;1867;1572;1375;10687;6387;9339;7509;6462;19417;11597;4003;12010;6624;6585;30897;2819;866;3407;2010;1106;2633;27263;37;20
BK43;2601;1319;2024;1806;1883;2887;1835;2148;1009;918;13793;4444;1862;1893;410;3785;748;649;1355;1289;1221;1970;1426;1838;958;846;20414;1841;0;17407;8983;3239;5470;1245;1477;45;1137;641;964;1872;1151;363;2182;2574;6683;1199;1003;600;15687;2765;1915;47;8754;6649;2545;482;25512;26002;3812;3521;3701;3869;4038;6627;6337;5967;3105;3523;3166;2451;1397;18430;9737;18320;2972;1603;258;686;813;5997;3075;4691;1993;2214;7328;4739;2569;8001;5729;6436;11994;3661;1324;2113;1098;485;613;10462;0;0
BK17;3036;1701;2598;2596;2590;3762;2920;3727;1153;987;17529;7132;3941;2089;1016;4271;1129;698;1497;1588;1628;2552;2308;3231;963;929;26811;2652;0;22147;11525;4198;6251;1795;3042;17;1397;1177;862;2643;2271;602;2651;2805;8057;1504;1431;1394;20167;5272;1353;19;9295;12174;3151;450;28670;32914;3139;2918;3236;3127;3625;7723;8074;9328;4690;4264;5290;3703;2467;25070;12083;16778;5057;1460;748;292;849;4672;2774;4682;2843;3251;13371;5732;3599;11247;5496;12683;12387;3628;4077;5406;1854;783;459;11126;64;17
BK25;1379;987;1904;1494;2647;2874;1519;1624;495;512;11016;4689;2338;1316;366;2207;439;440;976;1032;1916;2224;1196;1439;438;489;16644;1758;0;14520;6011;3203;4763;1301;1366;14;1025;733;832;2397;901;286;1618;1959;4307;1261;831;480;13800;1598;1246;0;6773;6422;1895;345;20742;21157;2598;2791;3010;2715;2688;5729;5286;5312;2616;2186;3759;2382;827;15435;8626;13810;2712;1211;426;737;670;4667;2262;2999;2357;2369;9237;3895;1743;5691;2805;6287;9148;2128;1640;3428;1779;729;493;6655;19;8
BK44;1156;1067;1616;1346;1799;2569;1554;2413;885;617;11482;3616;1479;1330;238;2315;294;629;804;999;1235;1840;1277;2030;791;566;17747;1248;12;13665;7076;3093;4547;1246;1785;14;1271;1110;801;1482;1041;382;1978;2093;5085;1408;499;583;14137;2436;1174;0;5722;6776;2250;274;19269;20732;2414;2448;1977;2544;2532;4919;4837;6507;3057;2810;2272;2883;801;15022;8433;12447;3196;818;195;519;611;3503;1989;3501;2523;1952;7461;3345;2205;6733;3867;6796;8226;2997;2266;2850;643;430;338;6337;15;0
BK79;2331;1120;1368;1094;1871;1762;781;849;273;237;8275;2516;1245;937;1035;3932;1400;494;950;745;1202;1263;621;762;237;195;12339;1706;0;9347;3013;3913;3322;1090;1001;3;730;272;91;1168;1275;220;863;1145;4286;632;792;862;8787;3184;368;0;7424;3249;655;358;14343;17488;2660;2347;2870;2477;2467;4525;4479;4800;1080;974;2025;896;231;11686;2722;11599;4170;1245;513;519;609;4275;2099;1587;1621;3226;6448;3375;1666;2114;560;2588;9098;331;649;2754;3667;1862;1228;3149;42;13
BK81;5049;2386;2898;2476;2465;2490;1177;1016;283;76;13366;4739;1766;2264;1863;7961;2744;1445;2202;1932;1659;1684;1086;898;275;76;17833;3388;36;19487;3719;6439;4541;1034;2100;11;671;711;61;1780;1960;234;1090;1322;6762;1124;921;1186;12601;4543;689;0;14746;4374;1047;149;22458;32954;4920;4133;4816;4976;4442;8129;6526;6965;2554;2489;3238;1726;498;20316;3392;21171;7053;1612;747;1170;1059;7344;4328;2989;3046;5687;12198;5844;2169;2263;918;3182;17134;485;1942;2289;3671;1751;1547;10608;0;0
BK85;2335;891;1262;924;1333;1324;774;825;114;59;7297;1681;708;831;1038;3619;1565;590;974;714;855;1098;600;686;114;59;10804;2176;43;8293;1895;4393;2554;643;1319;8;606;226;114;1192;1136;130;560;1198;3715;794;522;603;8325;2056;423;0;6464;2484;791;102;13076;16778;2686;2553;2678;2928;2817;4050;3918;3664;1547;1051;1283;619;60;9841;2371;12060;3554;1320;502;844;525;4308;2531;2036;2001;2967;5785;2782;1039;1153;465;2174;7667;391;1171;1765;3008;1265;748;2256;0;0
BK91;1456;751;2088;1638;2836;3265;2316;2530;1014;323;14835;5081;2848;926;580;2823;640;313;988;1081;1973;2410;1955;2302;836;281;25115;3055;0;14562;6771;8409;5944;1769;2222;19;945;503;298;2026;2146;547;2005;2257;10132;1150;1678;1409;18305;5651;1159;0;8168;6730;2711;608;23220;29437;3069;3034;3207;3525;3728;8143;6842;7232;3757;3247;4156;2139;578;18217;5883;16682;9258;2504;1088;739;606;4806;3342;4849;1665;2685;13313;6713;3327;5720;2671;8272;9945;2144;4385;4063;2470;653;353;5367;72;0
BK95;1152;724;1448;1324;1239;2125;910;863;262;175;8309;2091;1116;577;457;2549;506;439;1000;996;729;1549;730;671;191;162;13293;2116;29;8044;2919;5072;2782;1344;1176;0;1070;328;104;1399;979;169;666;1458;4825;713;938;644;9895;2595;803;0;6394;3189;506;133;13695;16238;2105;2090;1879;2303;2290;4677;4142;4238;1635;1525;1724;838;487;10222;2884;9622;5370;1407;469;560;353;3156;2025;2778;1683;2248;7110;3816;1237;2259;913;2199;8023;481;976;1978;1858;1087;749;4447;0;0
BK96;2213;1238;2096;2253;3024;3883;2288;2079;595;386;16203;5175;2585;1141;921;3702;929;576;1579;1564;2185;2929;1859;1756;547;378;25406;3201;48;16441;6145;8847;5932;2198;2284;0;1414;620;169;2658;2142;496;1450;1792;10201;1342;1723;1399;18817;5416;1173;0;10973;6724;1765;593;25251;31026;3890;3048;3435;3757;3987;7788;7452;8423;3690;3601;4295;2147;764;20055;6233;18237;8781;2227;764;925;797;5091;3352;4577;2897;3781;13841;7720;3326;4550;2045;6000;14055;1093;2940;5054;5487;1616;961;5150;0;0
BK45;641;445;1286;1207;1927;2438;2378;3580;1388;1142;13162;5067;3021;652;277;1071;209;187;769;732;1434;1858;1835;3219;1279;1091;20962;2225;42;14197;8593;3455;5705;1618;1591;0;1341;900;559;1860;1626;619;1866;2055;6734;1078;1068;1256;14792;4990;1166;14;2679;7469;5130;1154;23370;24981;3612;3844;2896;3071;2820;6093;6382;6799;3289;2921;3041;2455;1128;16432;9951;17318;3766;864;514;1100;758;5397;2441;4011;1126;1608;9143;5984;2885;6727;4635;12144;4288;4043;5389;5246;2369;114;35;303;24;0
BK50;2516;973;2305;2412;3393;5073;4108;4438;1661;790;23894;5594;2582;1517;810;4034;1621;555;1459;1718;2683;3962;3582;3683;1571;727;40464;4120;113;23491;13768;11149;8685;2660;4202;0;1741;886;520;3470;3707;903;2859;3309;15855;2100;2186;2928;28593;10208;1663;0;9393;11803;5115;1358;38598;47562;5005;5857;5678;7308;6933;11685;11590;13843;5721;4656;4580;2306;998;27669;10837;30829;12513;2792;1006;1332;1333;9093;6328;9623;3547;4693;17016;11129;5411;8812;4771;13555;14114;2596;3746;14898;4306;659;718;2868;9;0
BK58;1501;725;2179;2138;3072;4390;3316;3631;1588;739;19675;5975;3780;1327;547;3555;744;358;1171;1460;2249;3485;2790;3359;1489;670;33584;3486;14;19251;12266;8419;7459;2322;3118;20;1435;956;498;2544;3137;651;2502;3012;13164;1725;1902;2038;24058;7329;2163;34;7662;9689;4851;1077;32144;38728;4304;4380;4885;5289;5760;9372;8553;10658;5255;3985;5069;2338;1024;23279;9877;26109;9483;1992;685;1240;871;7463;4641;7452;2541;3613;14572;8490;4457;8108;4473;13871;9408;4125;6157;6526;1684;259;548;5379;4;0
BX27;2360;1074;1577;1002;1214;1022;359;245;3;21;6012;2074;517;1590;997;4665;1208;659;1230;819;865;807;310;142;3;21;8506;2110;21;9125;1219;3454;1875;800;1158;39;576;306;294;811;418;170;499;820;2573;1145;683;172;7132;793;581;0;6874;1515;470;18;13202;14360;2377;2076;2863;2222;2505;4746;3557;2975;1029;939;1436;649;188;8877;1773;11252;2771;1617;608;466;563;4289;1956;1524;3076;4049;3980;2139;942;1032;301;472;8405;107;199;374;1036;549;961;6280;7;0
BX33;2227;991;1353;1114;894;872;430;318;82;37;5415;1885;441;1738;792;4417;1099;480;1011;865;753;747;270;303;38;8;8293;1175;0;8694;1423;3001;2030;646;1193;0;538;450;215;1065;352;142;715;902;2132;1069;586;127;6765;865;609;54;6019;1816;357;126;11721;13821;2321;2298;2422;2363;1988;3964;3082;3097;1007;803;1348;664;185;8318;1424;10853;2678;1273;706;495;544;3837;1829;1514;3626;2600;3705;2190;924;744;361;650;7668;192;219;584;906;620;906;5629;18;0
BX34;2998;1670;2167;1695;1758;1377;562;396;132;21;8393;3123;857;2471;1664;6809;1646;912;1501;1167;1346;1053;379;360;121;21;12696;2758;56;11684;1747;5119;3330;666;1834;0;516;717;264;2009;862;179;604;809;4111;1648;573;404;9908;1920;868;0;9793;2330;572;81;17157;21863;3527;4167;3425;2800;3754;6486;4218;4282;1461;1621;1764;1192;323;12776;2355;15883;5445;1984;860;711;957;6197;2577;2462;4914;4426;5651;3492;962;1458;444;1085;11691;210;465;538;1207;808;1255;9315;0;44
BX39;4511;2591;3252;2109;2011;1567;779;487;142;48;11196;4348;1424;3623;1959;9137;2536;1498;2412;1657;1553;1114;632;386;108;44;17350;3280;17;18065;2402;6808;4029;1300;2811;20;1068;797;400;2418;1056;267;786;1413;4827;2884;937;477;13798;2626;917;9;13656;3198;616;27;25356;26776;4645;4210;3835;4930;4731;7543;7224;6359;2103;1854;2741;1596;361;17497;3372;20970;6113;3224;1177;930;974;6760;4405;2663;7076;6303;8129;3910;1757;1995;611;829;16668;204;654;873;957;1350;2444;12587;22;20
BX01;2584;1455;1417;1284;1282;1028;457;292;32;16;6393;2349;638;2033;1365;5283;1472;923;1017;946;850;864;393;248;9;16;8611;2489;0;11292;1350;3490;2209;648;914;32;407;237;70;1233;506;110;409;710;2986;854;553;504;6766;1540;305;0;7271;2249;283;44;13919;16796;2605;2769;2396;3303;3091;4214;3842;4279;1317;781;1339;575;204;9847;1769;12780;3928;1296;514;468;727;4289;2770;1753;3162;3964;4515;2786;709;1090;325;527;9320;99;175;401;542;488;1009;7806;6;0
BX35;2892;1121;2371;1344;2032;1313;802;463;101;36;8855;2877;833;1880;1565;6343;1458;653;1847;1044;1657;1029;567;370;87;16;13117;2939;17;11749;2628;5004;2871;893;1721;0;662;404;264;1331;1237;193;741;1384;4740;983;663;515;10010;1999;1094;14;9140;2784;432;119;17261;20611;3045;2940;3201;3738;3243;5556;5060;4711;2118;1289;1759;880;332;12475;2593;15433;4886;1769;654;852;518;5195;3091;2633;4100;4302;5894;4013;1224;1539;633;1142;11333;143;499;777;1494;644;1379;8816;30;0
BX75;1758;759;1166;916;822;907;338;179;47;20;4647;1632;405;1004;666;3605;752;645;725;686;714;656;314;109;31;20;6702;1296;0;6223;1103;2383;1842;368;1006;0;233;336;77;1008;513;91;364;485;2217;800;433;145;5328;1002;360;12;4878;1682;280;72;9505;10847;2170;1727;1850;2030;1452;2828;2459;2536;932;638;1078;521;131;6912;1435;8349;2213;1209;608;378;314;3023;1663;1189;2557;2024;2896;1596;705;1067;278;767;6145;211;255;599;712;395;526;4727;0;0
BX14;4268;2378;3217;2211;3251;3318;1323;998;306;73;15263;5136;2242;2913;2347;8934;1855;1419;2186;1477;2203;2349;970;546;224;56;23795;4341;65;20233;4455;8538;5550;2158;3094;0;1554;1024;581;2967;1627;433;1392;1871;6600;2765;1758;1223;18555;3562;1664;14;15820;4573;776;174;30751;32753;4862;4631;4689;5319;5274;9679;8452;8361;3404;2396;3898;1857;682;21343;4556;23427;8963;3499;1500;800;912;7853;4570;4347;8346;6524;9297;6989;2248;3602;1723;2321;19022;261;282;750;1480;634;1636;17887;0;47
BX36;3451;1954;3189;2171;2737;2288;1087;487;225;42;13644;2882;1282;2563;2305;8542;1723;1310;2418;1547;2002;1672;819;350;141;42;20898;5438;30;14269;2846;8224;5167;1511;3150;5;906;807;781;3134;1514;273;1622;1635;5670;2257;1885;409;16923;2251;1724;0;12474;4403;591;163;25476;28468;4263;3967;4233;4940;5142;8102;6858;7731;3050;2238;2285;804;331;17631;3853;19787;7341;3704;1249;1118;710;6834;4154;3362;5597;5466;9474;4732;2631;2480;1019;874;16757;390;176;1002;1138;484;777;15484;0;100
BX40;1812;1115;1510;920;1182;918;572;257;30;22;6179;1345;281;1261;1112;4330;1035;759;1035;591;840;748;470;182;11;11;9338;2376;0;6610;1025;4027;2223;533;1530;0;465;348;139;1415;512;58;477;591;2665;1651;822;195;7223;1088;1027;0;6646;1573;119;0;11876;14460;2852;2409;2212;2604;2230;3929;3656;3196;913;844;870;537;84;8338;1432;10716;3470;1859;511;351;405;3862;2248;1407;3226;2902;3429;2208;671;1091;502;231;8107;101;56;197;235;488;560;7265;0;0
BX41;3064;1766;2891;2072;2485;2386;1130;490;156;88;12572;2501;953;2619;2040;7634;1786;1310;2180;1533;1848;1725;703;444;123;32;20255;4308;0;14668;2590;8350;4692;1763;2860;67;1133;978;384;2844;1558;325;1085;1380;5852;2645;1632;372;16858;1932;1457;8;12038;3393;1031;66;25515;26722;4405;3813;3756;5049;4468;7709;7378;7764;2471;1794;2311;1002;317;16528;3875;19758;7541;3723;1318;911;700;6441;4026;3445;6992;4957;7893;5011;2282;2486;1125;495;16033;288;279;592;732;450;766;14770;0;75
BX05;3248;1887;3326;1824;2450;2592;1434;1164;162;166;13771;3323;1272;2175;1269;7391;1711;1090;2177;1264;1685;2011;957;736;143;132;20631;3158;42;15413;3599;7265;5455;1688;2624;23;1372;889;351;3533;1238;684;1207;1719;5249;2351;1607;408;16605;2352;1674;0;13130;4567;495;61;24990;27601;4280;3995;4273;4087;4111;8646;7584;7444;2393;2031;2496;901;350;18253;4454;19512;6805;3169;1284;856;812;6587;3784;3305;5803;5666;8727;5479;1927;3071;1172;962;17291;291;179;869;1205;682;1579;14764;20;18
BX30;1894;1032;1635;1496;1505;1499;778;528;150;82;8158;2221;1020;1518;710;4304;790;783;1135;1064;1085;856;567;351;123;47;12653;2783;0;8817;2592;4479;3232;805;1545;0;683;373;281;1900;903;234;872;1038;3835;1410;773;351;10050;1698;905;0;7692;2374;443;90;13741;16858;1816;2227;2038;2143;2709;5129;4491;3818;1510;1482;1542;986;708;10599;2615;11053;3718;1626;676;466;435;3406;1772;1792;3015;3184;5757;3425;1019;2468;798;1540;9059;210;123;284;390;327;798;9495;13;0
BX43;2012;1326;1998;1663;1760;2891;1412;811;215;104;11201;2645;1080;1481;735;4801;774;714;1518;1131;1173;1985;837;583;190;83;17189;2489;13;10960;3822;5264;5276;1038;1789;21;710;636;504;2614;1065;379;1658;886;4930;2100;1015;671;13874;2347;968;0;9239;4123;644;186;19023;22194;4087;2774;3221;2725;3578;7427;6080;4681;1679;1363;1943;1093;566;14192;3786;14540;6007;1972;1083;770;382;5288;1954;2797;3752;3418;7493;3895;1374;3356;1544;862;13330;375;189;471;795;580;455;12288;0;10
BX22;624;290;859;592;1104;1935;1379;1962;809;1355;8115;3722;2142;227;129;526;98;46;91;256;394;876;798;1224;563;1233;12494;770;9;9288;6889;1228;3200;555;622;5;458;343;206;699;518;419;1434;1528;4631;962;795;496;9391;2158;935;10;3048;5362;2154;345;12747;14092;1634;1260;1178;2110;2198;2814;3283;3525;1671;1450;2399;1987;1330;10909;4329;6476;635;1143;591;571;160;1907;963;3683;715;775;2817;2499;701;4982;5970;5531;5378;1504;310;559;653;76;296;8963;0;0
BX28;2084;1313;2099;2289;2560;3497;1471;1408;500;126;13886;3711;1936;1441;1126;4842;1172;757;1477;1312;1882;2342;1178;943;427;126;22016;3592;8;13498;4750;7290;5745;1769;2462;371;823;841;383;2713;1538;386;1686;1891;7189;2175;1330;690;16920;3561;1524;11;10902;5365;906;174;22577;27138;3331;3232;3167;3754;4447;7302;6488;7166;3128;2218;2834;1654;994;17347;4931;17697;5803;2796;1096;696;460;5349;3194;4069;4480;4074;8905;5889;2378;3988;2070;2536;14811;496;255;836;661;278;495;15407;104;0
BX29;841;503;1131;925;1333;2488;1590;1921;973;1036;9573;3897;2097;676;264;1323;192;227;624;326;732;1314;817;1214;801;907;13995;1243;0;9487;7536;2398;3047;409;605;0;212;437;184;1001;598;723;1574;1530;4845;1315;874;702;10538;2484;955;18;5238;6047;1284;172;14091;15757;2101;1287;1534;1368;1506;4163;4433;3624;1937;1992;2524;2053;1326;12741;4855;8209;1450;1395;543;525;368;2174;1094;2534;1418;1384;3692;3536;1292;4941;5789;4611;8130;434;250;521;247;108;419;12149;56;0
BX08;2039;1123;1796;1282;1390;1796;984;784;136;118;8483;2422;916;1123;936;4211;1015;733;1376;901;962;1328;746;649;134;71;14371;2019;0;10188;2732;4746;3307;1950;1636;6;1647;481;132;1655;1047;320;966;1202;3916;1697;894;408;11133;2007;1218;13;7017;3483;779;169;17175;18150;3281;2360;2555;2551;3031;6467;4169;4846;1733;1331;1726;980;295;11448;3120;12515;5382;2780;912;572;626;4036;2179;2024;3870;3971;6195;3285;1150;2182;894;1578;9870;484;363;1281;3151;652;818;6049;33;37
BX09;2510;1575;2763;2237;2362;2746;1788;1819;584;273;13331;5594;2938;2341;886;5632;1209;962;1655;1643;1667;2056;1406;1607;513;220;21052;1894;0;19305;5966;6326;5550;961;2249;20;574;810;474;2212;1604;527;1651;1527;8215;1335;863;1240;15341;5132;573;6;9348;6706;2076;527;23977;29823;3278;3542;3752;4732;4439;6928;6845;7326;3613;2571;4177;1885;712;18657;4571;21278;6377;2627;1363;648;709;6024;4165;4449;3941;5536;10129;6068;2673;3942;1768;5068;13589;2112;2270;2492;1455;307;315;10890;17;38
BX46;1096;559;1364;1297;2142;3055;1693;1062;260;62;10043;2532;1624;935;237;2274;404;274;782;738;1323;1770;862;851;241;62;14398;1503;0;8100;4518;3799;4246;683;1152;0;363;289;118;1302;1183;431;1696;1274;4769;1451;614;908;9942;3719;737;0;7640;4277;562;111;14394;15982;2274;2045;1784;1569;1749;4837;5103;4361;1931;1334;2057;1016;316;12590;3529;9848;2792;1585;845;509;420;2727;1969;2471;2013;1858;5088;4405;2142;3629;1820;2760;9830;136;189;315;400;344;591;11433;26;0
BX55;2075;1001;1714;1314;1724;1697;749;567;277;129;7944;2791;1098;1250;1031;4201;1259;660;1369;952;1161;1246;542;429;199;98;13502;2204;10;11150;2236;4546;3309;1290;2121;0;843;583;333;1892;1130;207;635;1147;3629;1707;1040;356;11124;1724;609;45;7360;3284;418;185;17126;18760;3072;2523;2916;2848;3042;5345;4288;4626;1872;1734;2219;817;584;11247;3025;12983;5262;2958;957;576;631;4407;2381;1961;4269;4174;5988;3488;1261;1792;513;1657;9590;392;554;1330;2657;693;575;6162;0;29
BX59;948;653;1262;782;1407;1602;955;867;232;80;6889;1708;996;588;422;2070;546;296;924;643;913;1320;654;729;185;80;11036;1801;0;8077;2573;3120;3214;917;1212;0;734;625;227;1216;869;372;1047;819;2895;1241;542;449;8806;1916;314;0;4508;3177;820;283;12736;14747;2016;1915;2091;2862;1811;4062;4570;3353;1196;1322;1146;800;339;8788;2780;10361;3965;1279;644;419;359;3362;2097;1845;2745;2179;4943;3035;1046;2274;566;2212;6576;1153;804;1886;1749;598;481;3133;0;0
BX10;961;707;1031;1084;1412;1909;1312;1864;618;349;7952;4015;2386;582;107;858;225;136;474;470;798;1245;669;1350;531;309;12935;1170;0;8255;5026;2726;3482;873;828;27;653;418;309;968;878;430;1404;1284;4367;739;619;839;9876;2590;469;0;3670;4528;2244;805;12231;13908;1108;1068;1208;1428;1367;3701;3580;4034;1799;1521;2120;2374;831;11247;4031;7194;2084;1270;563;239;275;1602;1337;1858;1865;1897;5805;3824;1165;3095;2309;4647;6600;2707;1051;2565;1286;638;309;3489;0;0
BX13;1485;972;2599;2080;2641;3193;2341;1947;748;252;12561;6761;4251;975;550;2045;655;198;1007;806;1407;1780;1802;1661;723;223;18752;2487;38;16164;6065;4816;5557;1167;1147;23;619;156;386;1493;1510;453;2114;1570;7344;1146;650;1288;12124;6295;333;0;8551;7122;2171;414;19239;25065;1769;2185;2491;2729;2751;4241;5378;7427;3285;2714;4805;3223;1306;18258;5201;13591;4541;935;464;530;545;3673;2026;3433;2368;3132;9170;7089;2725;5002;2893;8945;9313;425;370;1158;851;128;130;16064;0;0
BX52;1423;791;1586;1197;1867;2702;2463;2830;1124;672;12605;5119;3396;842;516;2254;770;424;790;724;1177;1734;1838;2265;1025;615;20449;2451;52;14433;6929;4394;5533;1436;2157;36;1116;619;593;2126;1557;553;1829;2457;5498;1788;941;1336;15478;4169;757;45;4437;7007;4115;1096;22319;23785;2308;2893;3059;3213;3505;5895;6263;6220;3294;2387;3681;2363;1023;16655;6921;15520;3931;1946;1038;693;658;4821;2400;4066;2699;2970;10268;6172;2041;4318;2658;8358;8297;4263;2620;4546;3026;854;247;2378;36;0
BX07;2564;1184;1560;1343;2061;2051;1578;953;137;48;9670;3170;1527;1398;863;4561;995;545;940;1013;1360;1441;1103;695;78;32;14169;2338;0;10595;3159;4924;3392;1159;1535;367;492;485;150;1367;894;312;993;1084;5030;1724;638;633;10740;2717;712;0;8041;4228;1070;140;16080;17648;2123;2090;1975;2466;2354;5438;4366;4883;2341;1469;2206;1496;521;13479;3399;11162;3642;1656;605;470;305;3416;2233;2146;2978;3396;6407;4166;1562;2930;1281;1629;11850;268;364;1164;1168;728;936;9697;0;11
BX31;971;363;776;657;1135;1826;1079;1560;846;494;7412;2981;1782;719;436;1304;492;134;535;411;804;1408;875;1475;676;457;13524;2274;18;10853;4849;2855;3508;1069;1243;0;788;297;271;1272;1002;328;1169;886;5065;917;882;647;10660;2409;442;13;2601;3907;2438;761;16059;17345;1758;1987;2534;2239;2351;3804;4475;4676;2010;1905;2444;1981;1240;9707;4548;11702;4554;1095;408;537;321;3736;1979;2969;2303;2091;6223;4295;1465;3686;2472;5789;3918;2361;2276;2629;1599;309;84;1020;17;0
BX37;969;526;1231;1183;1319;1609;1151;1305;278;86;7685;2422;1181;660;610;2151;567;301;783;778;979;1081;904;1040;232;47;12691;1758;9;8670;3270;3370;3643;1057;1351;3;584;339;248;1790;982;185;1016;1198;3592;1584;691;479;10019;2053;619;0;4241;3866;1183;367;14583;15515;2359;1966;2181;1996;2258;4868;3902;3972;1729;1435;1824;1018;590;9657;3611;10627;3372;2026;696;460;404;3430;1627;2094;2397;3113;5601;2919;1419;2582;1307;2956;6701;1562;769;2364;2291;665;443;2411;22;0
BX49;1053;713;1284;1090;1874;2098;1446;1199;460;147;8682;2970;1418;752;272;1978;417;240;688;643;1115;1326;1110;957;353;130;13571;1041;0;9985;5007;3431;2699;1116;1318;0;1010;1039;178;777;663;188;1006;1238;4620;1456;772;624;10315;2573;683;0;5697;3904;1405;358;14417;15774;2237;1597;1571;1483;1912;5119;4427;4064;1766;1574;2244;1294;903;11364;4382;8588;3465;1830;694;489;234;2649;1204;2657;3307;1941;5522;2931;1546;3577;2567;2957;8407;1070;953;1322;625;227;247;7633;17;0
BX03;1320;735;1257;1260;1704;2010;1430;1356;398;129;9086;2500;1220;933;569;2569;651;340;857;852;1229;1509;1353;1101;367;129;15049;2975;43;10082;4562;4626;3360;1001;1500;34;605;345;164;1800;1036;185;1004;850;6651;659;893;823;10884;3609;556;0;5094;4392;1747;366;16439;20237;2295;2650;2814;3788;2816;4534;4378;5616;2410;1723;2310;912;430;11599;3565;14005;5793;1294;416;435;589;4631;3223;3140;1874;3005;6025;4578;2427;3045;1359;4160;7439;1575;1834;2528;2158;426;1359;2451;61;0
BX44;2625;1254;2631;2611;2761;3859;2088;1878;361;254;15738;4927;2798;1634;1429;5398;1387;605;1741;1631;1987;2513;1699;1608;259;220;25127;4598;31;16760;6313;8264;6425;1691;2434;3;822;617;393;3068;2019;402;1604;1861;10005;1677;1717;939;19408;4525;1177;17;10453;7152;2243;474;27457;34046;4965;4057;4894;4869;4512;8393;8742;8453;3219;2651;3874;2127;747;20322;5225;23518;8514;2927;1182;1236;922;7299;4279;4582;3914;4856;11021;8004;3114;5443;1854;6328;13994;2071;2159;4251;4892;1463;1061;6472;6;0
BX62;1069;762;1388;1826;1688;2728;2285;2356;669;357;12081;4521;2561;571;465;2233;601;394;818;1103;1180;1875;1816;1905;580;289;21161;2916;0;12397;6502;6478;4585;1892;1704;115;1310;780;207;1958;1285;622;1341;1564;8321;1463;1471;724;16617;3746;769;29;5436;6228;2758;706;20888;24917;3130;2530;2973;3207;3599;6428;6472;6232;2913;2690;3174;1627;830;15128;5330;16022;6577;2577;810;786;426;4649;2781;3930;2782;2829;9463;5023;2356;5091;2822;7122;8006;3691;1371;4051;2832;707;360;3263;19;0
MN23;1882;1011;2020;1728;2565;4998;3712;5715;3932;9655;31696;6905;3458;398;314;787;120;115;231;167;270;1054;599;1358;1372;4558;42799;2614;38;16362;30560;2265;9411;178;385;38;388;1293;1056;3151;224;3715;8228;10991;7873;3780;1308;754;35916;2447;4436;0;29541;6982;605;90;31731;35454;2200;1775;1267;3534;4984;18428;10167;7752;3859;4291;5178;2883;867;37218;8425;6934;1558;8198;3174;818;275;2475;775;9193;338;601;2617;3868;1291;23511;21199;11672;25546;358;907;719;1716;3688;5613;29752;0;0
MN24;1554;909;1023;1052;1321;2098;1394;2506;1568;5336;16094;3200;1210;623;209;1258;384;283;328;301;397;603;369;907;498;3171;24173;1543;0;9475;15958;1904;5208;426;677;39;511;977;488;1950;331;1572;5914;5250;3490;2563;753;335;20041;1309;2808;15;14521;3864;270;106;20130;19929;2096;1332;1266;1227;4130;10505;6104;4109;2343;2501;2604;1242;600;18761;5977;6610;1623;4914;1464;673;295;2009;902;4029;2598;974;2383;2355;509;12192;8997;4995;13766;195;142;380;1235;3068;4193;13064;12;0
MN25;970;404;670;725;935;2125;1881;3340;2067;5814;17014;1851;1001;151;118;254;45;124;185;126;236;514;422;1098;914;3444;24811;1325;0;6613;17384;1327;5504;315;281;0;282;652;478;1775;235;1141;7477;6053;3509;1744;641;824;21787;1775;1249;0;14338;3894;510;189;18720;18786;2430;1402;692;1165;3989;11947;6710;4229;1172;1400;1057;832;481;18931;5947;5712;848;4570;1458;896;687;1269;546;4623;637;512;1197;2372;1032;11466;10612;3742;15189;267;36;116;69;287;405;21619;14;14
MN22;2335;1122;1714;1583;1756;3608;2993;3260;1706;2229;18748;3184;1212;675;294;1792;259;224;493;308;378;662;658;716;555;949;27585;1682;0;12129;17185;3071;6090;414;825;0;322;558;552;1951;629;2985;4280;6510;4122;3823;1135;718;22843;2045;2668;29;19332;2800;174;0;21488;22267;892;739;607;3751;5723;12686;6280;5097;2250;1579;2228;1280;643;22306;3674;3589;1592;7732;1514;428;162;1123;470;8118;1271;1361;3832;3070;827;12702;8980;2936;19370;148;149;267;564;2991;6371;14017;20;0
MN27;2999;1656;2707;1911;1898;2530;1646;1467;632;661;13096;5085;1437;2021;718;4572;1079;1137;1940;1378;998;1436;756;496;315;211;21458;2071;0;17360;7657;5951;5389;674;1787;0;509;1201;686;1784;782;1200;2119;3326;3495;4826;994;536;17970;1747;1665;76;15639;2124;322;22;23206;23344;1618;1933;1884;2010;4109;8947;7403;6158;2186;3109;3472;2488;1233;18107;6165;11588;5227;3510;805;403;502;2972;1545;3199;10301;4050;6686;3302;1014;7131;2512;1367;16740;116;57;230;554;1638;5184;12277;21;0
MN28;5388;3649;4230;2924;2803;4035;1847;2676;958;1706;19384;10080;3870;4715;1857;9224;1766;1913;2370;2036;1890;2356;1035;1338;652;865;30433;3837;89;29504;13066;7533;6883;802;2149;3;598;1330;956;2778;1053;1946;3322;4718;7028;3970;1640;1091;24149;3890;2351;43;24423;5195;503;95;34965;39278;3205;2898;3369;4325;5506;12315;9964;10600;4423;4761;6691;4375;1811;30216;8517;21655;7654;4760;1234;1259;735;4978;3586;5060;11470;6688;11452;6304;2124;11270;5632;4557;25659;192;129;350;578;1318;3190;26410;16;0
MN13;2720;1304;2857;2448;2743;4573;3613;5495;3533;9786;32686;6786;3609;1330;648;2540;437;170;724;370;559;788;1070;1201;949;4186;44286;3564;0;15417;29609;3908;9488;299;982;21;710;1600;961;4572;614;3862;7686;10609;6994;4418;1344;895;37117;2632;4514;23;31466;7032;490;84;34899;34400;2758;1903;1140;1994;5256;17835;13579;9459;4331;3497;4386;2107;1054;39072;7680;9130;1877;8816;3942;748;456;2291;1107;6572;1688;1783;4394;5824;2124;21474;18961;11444;27628;195;131;525;1011;2995;5899;33907;62;12
MN15;2068;1433;2128;2321;2246;3759;2696;3659;1649;3302;20934;4120;1774;870;506;2061;211;131;418;557;676;651;691;783;543;1200;28076;2912;0;9234;17677;3206;5637;421;1135;0;367;1489;693;1929;489;2695;4294;5654;4725;4127;1148;466;24459;1591;1983;43;21946;2971;344;0;22368;20563;1163;708;590;934;4172;12188;7558;6096;2880;1987;2615;1443;597;25261;4006;4575;1453;6808;1570;227;99;1052;774;4145;1722;1394;4213;4120;1466;12750;9699;3845;21416;155;51;406;368;2051;4560;22389;14;0
MN17;1398;770;857;834;1345;1082;859;2546;1773;4500;13430;2650;1058;383;314;1051;163;121;187;165;378;146;244;689;467;2093;17906;1327;0;7397;12549;1055;3840;151;311;32;137;950;526;1131;249;1159;4894;4160;2334;1434;568;332;15452;1023;1431;0;13273;2400;264;27;14044;14184;888;344;335;1326;2809;8006;4441;3209;1826;1647;2153;857;387;15964;3867;2138;493;3641;999;200;42;521;195;4086;412;440;1803;1964;554;8619;8734;3588;12376;225;70;248;326;836;725;18951;5;10
MN19;1302;504;1436;1251;1911;3136;3694;4849;2674;8337;24421;6903;3635;367;279;345;214;39;92;156;313;464;623;1533;989;4739;32369;1731;21;10666;22371;1340;8134;80;444;0;233;863;1031;2184;454;2250;8973;8009;3933;1996;1001;1442;27489;2562;2242;76;22508;5866;526;194;22234;26159;1935;888;622;539;3815;12166;6909;6121;2955;3316;4708;3197;1222;29094;8028;4807;1051;4907;1221;600;285;1034;378;2572;285;474;2363;3716;1335;17290;15131;11961;17133;280;79;137;280;907;1853;33410;0;18
MN20;1691;1042;1397;1086;2089;3638;2873;4706;2279;5372;21881;4628;2412;733;298;888;279;221;266;275;402;422;483;1330;854;2748;31959;1825;0;11829;22270;1829;7137;110;613;15;169;1319;779;2053;345;2664;6980;7712;5434;2165;1260;1064;27909;2301;1749;0;21751;4143;197;82;22559;26956;1890;1079;848;1361;6779;14739;6709;5443;2231;2415;3464;1693;864;26173;5669;5195;1786;8274;1795;696;161;1507;609;5797;555;719;2231;3527;1280;15968;13278;7555;18618;157;49;113;174;1543;1959;26746;0;15
MN21;1012;350;715;624;1093;2038;1744;2625;1810;2866;12360;2652;1362;283;318;761;134;14;125;90;160;276;402;726;524;1161;16922;1752;10;5958;11832;667;3999;236;188;0;281;441;495;1537;173;1748;3438;4483;2580;958;517;271;14891;792;1214;25;12347;2267;263;0;11367;14708;661;430;332;988;2682;8091;4351;3157;1208;1102;1766;946;361;14877;2803;1884;623;4248;1146;250;83;590;139;3152;370;341;1500;1472;807;9484;7008;5081;9796;83;49;192;392;1212;1283;14048;7;11
MN50;623;429;632;463;702;1320;1321;1960;1307;1724;7729;2931;2116;191;261;305;37;28;221;129;214;432;452;868;728;842;12334;1133;0;6561;8516;600;3065;49;104;0;55;465;142;543;100;765;2299;2914;2776;1204;398;673;9770;1562;975;27;7836;2480;165;0;9646;12218;571;679;479;213;3310;4700;2469;2469;1702;1492;1633;1226;921;10481;2934;2711;1185;4553;690;295;182;873;256;2498;275;345;1205;1702;475;6898;5712;49;10432;59;0;14;52;13;250;10503;0;0
MN12;5522;2752;3966;3753;5190;7957;6151;10206;6099;15345;54203;16149;8838;2818;1162;4589;1075;496;1179;1274;1411;2152;2027;4414;3331;10475;76267;5022;38;34905;55176;6368;12582;978;1163;92;736;1913;1688;3451;1032;5631;12705;17125;19546;6930;3100;2318;60199;6550;9379;139;50962;14278;1598;103;62611;73107;7515;6065;4775;4084;6682;25627;20818;19450;9603;8576;12336;6859;3328;66941;21093;27614;5480;12125;4077;2497;1327;8429;3739;10262;3307;3589;9008;10073;3090;33730;43800;18970;47971;431;446;581;1368;6056;9080;56611;0;585
MN14;1968;1254;1916;1414;1833;3518;3022;4479;3539;9226;25904;7795;3851;537;451;949;378;177;463;374;264;1022;741;1718;1385;5768;34085;2380;0;15455;25419;1756;5933;279;698;0;328;1141;819;1446;330;2482;8572;7109;6990;2928;1175;765;28416;2030;3587;52;24009;7337;708;115;28883;31322;4608;1876;1461;1815;2452;11904;10631;7381;3803;4117;4702;3734;1721;32169;10242;10532;1531;4029;2077;1260;324;2615;984;3718;871;956;3005;3772;1076;16447;21866;12179;19990;159;162;438;308;2112;2594;33839;0;16
MN31;2484;1184;1754;1926;3108;7284;4677;7513;3459;10126;36512;9179;4096;925;370;1446;218;91;185;362;761;1537;1059;3097;1976;6467;48563;2545;28;20675;33562;2190;11664;404;743;15;649;1824;1369;3446;445;2842;10384;9711;12222;3393;948;1315;43331;2797;2397;38;32280;10101;908;226;36340;45038;4997;2723;1591;1518;4786;21165;13111;9023;4207;4743;7808;4070;1636;43515;13212;12927;1798;7091;2269;1273;698;3391;1325;5808;1118;1545;5226;6058;1924;24750;25142;11139;32376;231;243;262;308;1448;4275;45342;9;40
MN32;2153;1170;3072;1942;3117;6778;5279;7047;4104;8951;36976;9004;4517;1106;371;2099;535;85;627;312;651;1505;1442;2436;1981;6207;48534;3412;0;17138;33320;2613;10916;481;1204;10;477;1738;1421;2692;791;3748;10097;11364;9762;3518;1331;1585;41066;3683;3675;110;33080;9901;487;145;33428;44248;3658;2408;2308;1214;4898;20268;12783;8920;5242;3942;6337;3916;1782;43613;13126;11642;1660;6853;1978;1165;405;3585;1249;4895;1448;1290;4625;5149;1891;25347;23440;11461;32152;211;262;80;381;1470;8032;38116;0;15
MN40;1075;485;1030;1004;1312;2805;2538;4061;2853;11588;22602;9802;3817;350;132;356;242;89;261;163;359;771;842;1824;1538;8802;29998;1523;12;17509;21933;1600;5988;254;223;9;450;840;829;1560;145;1671;8542;7052;5696;1729;1010;465;25803;1394;2725;76;18787;8600;1176;188;26419;32415;2771;3028;3300;2136;2144;6725;7473;8478;3835;4350;7928;5058;1608;28751;13483;12757;758;2698;1485;1282;720;5064;2086;2710;256;476;2619;3433;1181;16945;20545;16660;12091;595;543;254;630;2431;4005;28989;79;17
MN04;2821;1349;2420;2142;2667;2971;1600;1498;519;691;14591;4522;1919;1582;840;5510;1096;564;1383;1183;1633;1402;804;916;410;509;24380;3225;46;14373;8837;6766;5713;942;2122;49;606;874;388;2420;1130;1244;1634;3121;6406;4231;1427;850;19592;3004;1784;0;14904;3140;528;106;24592;26935;2926;2814;3069;3360;4695;10552;7629;6653;2429;2035;3233;1542;590;18678;3634;16039;7045;5669;726;599;649;4824;2691;4561;5210;3720;7413;6110;1907;6250;4053;2400;16278;287;581;340;1052;1331;1755;15272;0;109
MN06;1745;958;1297;768;1188;1030;586;361;118;79;5799;1902;697;1080;664;2415;823;473;717;576;705;658;417;221;56;22;9920;1033;0;8374;2704;3274;2379;285;1278;17;199;420;151;812;563;407;709;1061;2552;1977;536;516;7760;1534;626;0;6706;1222;202;0;11266;12579;1320;1336;1524;1717;2526;4619;3275;2734;1138;1001;1542;769;344;8130;1723;7748;3202;2502;392;371;299;2281;1558;1881;3444;2251;3483;2249;934;2014;1047;239;7891;114;27;61;208;307;955;7091;28;19
MN09;3309;983;2036;2012;1734;2485;1779;2229;1313;2286;14809;4225;2170;1167;661;1947;704;390;726;827;782;1007;726;1192;842;1664;23969;1739;0;23660;15721;3094;3794;416;944;16;265;554;410;1509;412;1234;1730;3675;10951;1727;1109;377;19383;2565;2021;0;16290;3582;189;105;23401;30925;1815;1424;1476;6442;8937;11797;5301;6071;2558;2362;2952;1962;1229;20166;5576;9553;2153;6098;1217;348;247;2402;1599;17999;2296;1886;4011;2832;1021;8069;14117;3639;16527;39;33;248;215;654;2427;18216;19;57
MN03;5799;3101;4408;3727;4532;5138;2738;1837;921;1002;23626;7355;3984;3399;2114;9326;2104;1026;2400;1790;2678;2869;1257;922;559;639;32246;6115;30;24986;12561;7182;8650;1251;2602;22;821;655;529;3577;2077;1420;2819;3989;9527;2958;1750;2102;22558;7490;2198;0;25745;6291;1065;102;36230;41963;4467;4553;4731;5742;6873;13035;11705;10842;4688;2906;4968;2593;1090;33203;5478;23438;8369;6054;1493;1347;925;7642;5050;6458;4721;7072;12359;9198;3569;8751;6157;4045;29158;338;944;940;2077;2778;6817;23759;23;95
MN11;2949;1554;1746;1859;1814;2910;1609;2150;932;983;14093;3067;1227;1504;1096;3259;1088;690;931;1020;1047;1289;808;1047;560;721;21360;1971;33;14109;10295;4369;4654;293;1749;0;316;673;223;1705;1433;1568;1837;2807;5970;2385;1312;1131;15652;4008;1700;0;14073;3896;441;96;21442;25252;3477;2583;2597;2684;3946;9300;7284;6449;2703;1878;2115;1145;533;18506;3846;13789;4828;4612;957;707;925;4107;2181;3850;2096;3144;6470;4847;1645;7096;6109;3084;15422;209;538;501;1944;1994;4246;12113;0;15
MN33;3248;2468;3041;2636;2443;3138;1721;2428;617;1134;16445;6014;2540;2532;1713;5675;1258;913;1931;1846;1377;1897;905;1294;309;776;25853;3311;0;20227;10462;6660;5629;979;2123;8;627;725;381;2401;1123;926;2535;2906;8346;3364;1555;956;21629;3085;1139;0;18429;3779;592;74;28418;31376;3432;2704;3398;4465;5410;11246;7904;7514;3151;3176;3419;2917;1058;22874;5072;17140;7267;4713;1153;860;580;4630;3429;5443;5175;5831;9231;4675;1849;7348;6276;1607;21267;211;35;212;229;1112;2922;20123;90;0
MN34;4585;2669;3314;2425;2576;2917;1566;1312;390;429;14712;5500;1947;3383;1996;6698;1990;1386;2063;1644;1840;1723;1074;853;252;181;21651;3424;0;21791;6473;7158;5772;682;1566;12;533;500;287;3005;970;590;1707;2284;6271;3481;1218;793;17533;3220;898;0;18077;3722;270;114;27272;33193;4231;3780;4588;4914;5888;10306;7582;6800;3146;2541;3520;2067;1102;22183;3992;21533;7803;3565;1283;824;804;6923;4538;3887;6076;6117;9198;5474;2289;5084;2826;1426;20757;134;34;410;1413;1411;3080;17639;56;106
MN01;1886;1389;2726;2223;2585;3144;1885;1515;475;340;14803;3793;1645;2097;913;6034;858;999;1866;1468;1578;1664;925;938;304;190;24433;4139;6;12015;7640;7458;5235;1033;3067;24;482;1499;417;3092;1087;1012;1379;2353;6938;3334;2141;675;20270;2716;1426;21;13522;3962;605;79;24812;25546;3203;2730;3282;3036;3934;8269;7647;7741;3271;2373;3061;1175;636;18168;4742;16335;6263;4821;1660;769;626;4882;2630;3733;6582;4008;6184;5313;1701;6324;4061;1456;16712;146;51;400;226;509;935;16857;0;0
MN35;2900;1667;3167;2763;3354;4035;3027;2585;1013;979;20673;6293;2662;2413;820;7422;875;915;2193;1713;1848;2190;1564;1495;639;807;33794;5734;135;19953;12562;8887;7361;1557;3427;19;1022;1787;813;3057;940;1210;3408;3659;9752;5027;2369;731;27811;4030;1935;18;19104;5505;719;162;33353;37732;3761;3034;3793;4716;7048;12389;9041;9486;4420;4058;4768;2982;1589;25490;6917;20516;9485;6447;1833;982;721;5516;3712;7163;6862;5778;8653;7400;2321;10001;7718;3141;22349;180;33;109;303;314;1610;24384;55;43
MN36;4447;2386;3907;3711;3928;4615;2817;2121;681;670;22338;8560;3035;4221;1500;11001;1354;1122;2709;2189;2586;2841;1571;1284;559;280;40806;7386;12;27326;11341;13411;9109;2165;4780;46;1497;2308;855;5308;2064;1262;2590;3927;10680;6334;2932;1003;34077;3873;2805;51;23078;5210;865;130;44204;45347;4794;4400;3964;5546;8742;17365;12827;11477;5603;4357;5645;3109;1722;29283;6286;26529;14659;11598;1927;986;906;6676;4811;7948;13676;8988;12383;9400;2748;8871;6039;2245;27038;182;72;153;610;741;2663;26481;12;22
QN68;1366;850;1208;735;739;1106;611;400;165;103;5300;1656;668;560;654;2414;593;393;772;548;478;764;371;256;127;80;7807;1388;16;5269;1990;2124;2263;438;992;25;391;357;211;1129;508;201;526;851;1655;998;647;308;5988;1344;475;0;5076;1618;538;51;8552;9987;1128;1313;1464;1324;1681;2897;2777;2477;1026;835;960;498;159;7283;2028;6408;1400;1171;452;244;218;2205;1323;1659;1663;1808;3176;1735;743;1843;661;583;6700;340;152;895;535;453;505;4769;8;21
QN70;3008;1722;3441;3337;4870;6485;4316;4374;1510;955;27474;7769;3760;1207;807;3775;787;624;1504;1582;2439;2890;2029;2485;843;584;42724;4360;11;19041;17315;9185;10090;2998;3136;137;2492;1519;967;3948;2223;2411;3760;6317;8231;6794;2779;1146;35075;4088;3480;81;21798;9459;2302;459;37003;38146;2968;2710;2776;3052;6372;19363;11800;9419;3756;3168;5191;3330;1244;34018;10072;15208;6436;9339;2447;670;566;4214;2662;7008;5895;4070;12579;7703;4409;15312;7303;5555;28463;990;1447;4811;5180;7591;4366;12507;10;0
QN71;1109;584;1316;1396;1502;1728;1155;1260;507;401;9002;2120;828;619;337;1600;306;198;692;850;1013;897;543;732;317;236;14231;1578;10;6786;5194;3497;3200;903;1437;9;933;689;348;1621;518;747;1212;1550;2537;2826;812;429;11913;1568;732;18;6493;3360;932;173;13485;12985;1492;959;1075;1526;2622;6588;4242;3227;1239;822;1439;1004;235;10958;3602;6483;2551;2731;769;276;175;1670;1207;2415;2316;1724;4091;2295;1011;5042;2317;1690;9268;356;335;1289;1808;1708;874;5654;26;21
QN72;1304;929;2025;1539;2727;4362;2889;3228;1176;614;17269;4845;2107;684;274;1621;486;361;1144;907;1514;2161;1663;1870;745;476;26706;2581;0;13264;10975;5577;6295;2031;1828;142;1692;1013;526;2408;1367;1586;2561;3176;5654;4452;1388;741;21742;3030;1918;16;9149;8512;2670;462;24114;24887;2244;1795;1932;2004;3733;12344;7178;6166;2634;2536;3272;2280;883;20793;8274;11623;3466;4820;1475;463;318;3142;1691;4495;3708;2319;8585;5273;2550;10040;4818;6602;14191;924;2329;6370;4343;3691;1844;2781;106;11
QN31;1660;1251;2671;2708;3324;5155;3351;3761;1100;1328;22392;4504;1760;1155;811;2645;414;475;1209;1394;1698;2691;1757;2162;698;828;34252;2716;57;15208;12475;7824;7308;2247;4398;62;1893;1819;1031;3718;2032;1721;3000;4715;6010;4876;2253;1122;28332;3259;2639;22;16261;8196;1654;198;29889;30686;3345;2385;2112;2369;4276;15344;10886;7535;3383;2798;3855;1692;595;26309;9273;12847;5196;6197;1864;835;575;3221;2353;5448;4611;3613;10993;5998;3560;10879;6434;5047;21262;516;1415;2768;2298;4260;2122;15315;16;0
QN50;414;411;797;1042;1581;1584;845;926;413;339;7064;1944;896;144;272;774;148;219;617;801;1125;1208;676;652;331;297;12771;738;0;7737;3280;3298;3281;1070;1842;2;981;863;531;1670;1068;198;839;1148;1923;2382;884;282;10752;1090;881;48;3439;3588;1150;175;12415;12673;1267;1304;1092;1263;1467;4933;4354;3580;1448;1476;1559;1064;281;8352;4441;6500;4044;1742;398;263;296;1692;969;1917;2810;2221;4530;2207;1656;3756;1515;3513;4839;784;1578;1640;2289;340;227;2096;0;0
QN63;992;748;1530;1889;2582;3176;2122;2353;596;400;13599;3736;1650;492;559;1776;375;327;807;1160;1845;1774;1424;1704;414;206;23212;2030;0;12586;7304;6265;5373;1398;2872;62;1142;1090;639;2672;1216;624;2113;3067;4415;3872;1642;658;20007;1838;1311;56;8371;6606;1050;361;22708;22551;2417;2307;2238;2164;3294;9394;7566;5468;2455;2516;2920;1629;891;16388;6687;11742;5374;4543;761;355;628;3564;2086;3493;4301;3161;7407;4039;2833;8086;3012;5009;11379;982;1392;2708;2275;1060;1728;7199;0;0
QN26;493;596;1320;1796;1815;2393;1306;1204;422;188;10554;1786;743;646;635;3083;481;521;1267;1436;1594;1735;816;793;257;78;26575;1638;0;10959;2059;9743;4747;5331;4695;13;5012;1904;799;2939;1505;202;1101;1392;2656;6238;2547;267;23647;1017;1897;14;7183;3236;881;233;28493;21802;4500;3489;2610;2824;5171;11788;9364;5034;1707;1199;1630;678;301;11533;4683;13902;10146;9954;1439;724;800;4849;2139;2231;9340;4909;10489;3442;1059;1732;730;2123;9410;688;275;2981;4732;1680;511;1675;12;0
QN27;403;339;574;676;927;1201;897;829;284;134;5475;1425;679;283;126;1021;236;214;504;425;619;944;801;662;222;43;11335;1185;0;5726;1893;3782;2796;1327;1537;4;1298;320;241;1356;988;274;564;1097;2144;1820;874;355;9332;1223;780;0;2473;2517;1047;227;12001;11069;1741;1442;1320;1566;1917;4243;3774;2878;1170;839;1063;765;352;6264;2252;6636;4710;2741;349;403;222;2153;1248;1565;2580;1637;5400;2102;843;1784;738;2832;3432;1236;1179;2417;1455;140;65;419;43;0
QN28;2732;1798;4354;4248;5580;7007;4499;3964;1277;1036;30502;8571;3748;1240;1234;5284;983;914;2737;2758;3817;4869;2772;2913;967;829;52798;5808;45;28576;12354;14871;11737;5701;8135;88;4311;2928;1699;5468;4468;1176;3885;5673;8903;8346;4431;1422;42892;5151;4748;7;19573;13392;2915;615;53569;51619;6142;5182;5310;6407;8405;17538;16273;16298;6446;5326;6215;4052;1594;36495;14943;30103;14359;8641;2256;1190;1279;8426;4996;8624;10442;7887;20374;10332;5303;13067;6337;13686;22809;1681;3644;5295;4700;1119;2128;20499;110;12
QN25;1505;872;2275;1911;2349;3238;2155;1275;391;282;13559;3333;1627;1188;827;4329;885;521;1585;1589;1887;2411;1503;1069;329;234;25801;2267;0;14308;4463;8680;5090;3256;4312;21;2958;1523;831;2934;2092;313;1353;2272;4375;4357;2071;701;21964;2186;1602;49;8625;5953;1133;542;27524;26567;4115;3906;2996;3843;4154;9410;8296;6826;2973;2264;2640;2032;636;16253;6441;17662;7775;5395;1245;952;765;5469;2818;3508;7504;4728;9743;5333;2271;4148;1350;3585;12668;1142;698;2852;4221;1095;458;6911;21;0
QN29;2250;1666;3929;3268;3977;5431;2889;2767;732;619;23188;5830;2216;1164;1115;4313;1180;889;2982;2558;2769;3913;2247;1910;455;419;41228;2973;23;25957;7813;13741;9275;4118;6281;51;3467;2737;1389;5206;2910;496;2358;4119;5987;8161;3483;864;35081;3053;3088;6;15788;9451;1799;490;43582;41322;5046;4291;4439;4720;7048;16362;13914;11870;4590;3625;5723;2472;804;27528;11795;22688;13405;9342;1807;1014;643;7098;4186;6769;10550;7992;15711;6956;4047;10353;3751;6669;20859;1363;1267;3232;7013;1444;926;13948;24;34
QN19;773;542;1313;1014;1445;2105;1756;1504;749;360;8833;3530;1632;496;202;734;332;176;601;618;1000;1753;1440;1221;660;293;14360;1079;44;10233;3876;3316;4062;1628;1478;52;1282;612;507;1496;1108;399;1338;1380;3245;1201;909;831;11024;2626;701;9;3554;5118;2109;780;15226;16524;1946;1647;2071;1975;2304;4801;4365;4614;2082;1677;2473;1291;504;11561;5662;10401;2914;1165;664;449;336;3058;1523;2151;1665;1834;8257;4352;1457;2878;1364;5434;6127;1388;1810;5610;2097;814;282;534;11;0
QN20;2094;1427;3076;2514;3203;4588;3051;2776;678;556;19309;5183;1808;894;859;2567;1356;732;1950;1647;2192;3591;2210;2172;578;437;32467;2850;37;20003;6841;8172;8093;4964;4397;26;4515;2075;652;3893;1936;724;2372;3503;6013;3519;2345;894;26517;3855;2044;51;12833;8695;1965;470;34551;35615;5407;4107;4365;4653;5819;12823;10554;9052;4344;2817;3355;2042;828;23963;10186;22208;8608;5111;1883;906;863;6646;3876;4446;6714;4941;15508;7142;2765;6055;2690;5194;18769;683;1262;7237;6505;7974;767;1300;34;74
QN21;816;641;1370;1399;1618;2210;2184;2990;898;773;11094;5021;2468;443;165;683;280;206;642;846;982;1589;1753;2445;817;685;18551;1238;12;13036;6260;3195;5328;1899;1869;80;1563;812;520;1768;1344;427;2210;2139;4319;1373;1003;993;14108;3755;673;15;3470;6512;3788;1129;18654;20408;1601;2230;2146;1934;2026;4620;6096;5906;2552;2678;3495;2552;1226;14899;7949;11387;3182;1243;666;470;414;3526;1612;2332;2524;2201;9439;4882;1978;5033;3068;8775;6124;1756;4457;5493;2235;235;453;1374;0;0
QN30;648;551;840;970;1619;2438;1591;1211;510;251;8520;2639;1619;270;140;606;135;115;461;700;1015;1575;1156;1043;453;191;13386;1310;0;7963;3262;2962;3713;2023;1426;20;1657;671;498;1411;1036;320;1441;1418;2464;1172;718;560;10974;1608;804;0;2840;4856;2088;845;13585;14092;1733;1472;1522;1398;1729;4066;4414;4091;1914;1814;1744;1100;680;10629;4713;7794;2786;1545;577;460;268;2360;1200;1828;1369;2306;7178;3221;1532;3097;1120;5457;5172;1457;2083;5110;2015;313;123;662;33;13
QN17;2535;1437;3135;2718;4114;6931;5082;6643;3254;2922;29911;10755;5152;1658;631;2883;514;650;1090;1395;1730;3639;2900;4715;2618;2301;42823;3384;0;25531;23245;5281;10679;1359;2259;0;1120;1869;1222;3699;2113;1569;6546;7009;10913;2672;2162;1929;33939;6138;2708;38;16195;18033;3966;577;38378;46316;4787;4193;3335;3219;3497;14268;13198;11880;5720;5407;6888;5320;2982;38771;17302;20249;4545;3177;1515;1571;939;5533;2983;6408;2714;2190;11628;8320;4888;19324;16599;18490;20281;3811;3424;1892;481;845;687;30551;0;26
QN18;899;586;1238;1233;1811;2131;1667;1608;729;553;9853;3066;1427;570;68;1053;200;247;546;650;980;1043;1115;1365;555;427;14002;1399;0;8097;6515;2317;3794;368;1008;0;242;556;546;1299;874;407;1992;1861;3697;1097;768;663;11473;1963;566;0;5059;5969;1161;266;13096;14404;1687;1039;1068;1036;1398;5222;3873;3671;2130;1893;2257;1518;708;12455;5384;6886;1640;1103;234;395;322;1639;1003;2214;887;1059;4085;2676;1868;6649;4048;5173;7282;1311;1039;888;563;260;338;8558;24;5
QN22;3045;1776;3939;2874;3353;4456;2643;2391;607;559;20045;6152;2179;1980;720;4563;1205;946;2769;2049;2343;3058;1826;1696;459;435;33693;3552;0;22717;9286;10479;7560;2231;4137;63;1865;1635;1164;3270;2406;509;2762;2968;6129;5801;4168;953;28324;3198;2171;0;14338;9073;1792;440;33208;36174;3025;2908;2877;3834;4556;10275;10769;11382;4949;3793;5294;3611;2109;25643;11596;17288;8305;5309;385;768;735;4701;3394;5103;7514;6054;14769;5373;3903;10229;4340;7132;18511;696;568;1329;1657;1204;810;21402;55;43
QN23;295;178;780;712;1301;1599;1038;1083;434;329;6529;2229;1030;326;132;787;88;98;404;524;867;1130;830;969;402;253;11546;1276;43;6763;3033;2296;3566;931;1720;10;782;818;541;1612;1004;322;805;1035;1782;1192;1255;388;9764;1179;589;14;1755;3649;1687;658;12281;11918;1499;1415;1403;1482;1591;3428;3899;3194;1507;1440;1619;1051;671;7749;3800;7427;3162;1399;443;389;331;2258;1095;1784;1879;1751;5358;2694;1126;3025;976;3625;4124;1786;838;3821;1134;587;111;128;0;0
QN47;600;259;857;762;1221;1770;1238;1926;985;635;7132;4241;2310;421;87;396;138;90;173;382;725;1180;804;1533;771;506;10568;1232;40;7986;5170;904;3097;845;552;10;476;352;624;1236;565;514;1150;928;3069;669;680;295;8073;1728;738;29;1347;5548;2747;611;10668;12275;1077;771;994;1249;1265;2311;2763;3750;1631;1522;2127;2429;1054;10253;5133;6098;1036;401;313;232;204;1429;961;1376;592;979;4207;2924;1005;4631;3249;7061;3192;1533;618;3267;1564;60;41;3780;0;0
QN49;336;295;945;780;1215;1844;1598;2394;1129;1008;9185;4079;2129;270;84;324;46;119;468;428;893;1369;1310;1961;1025;851;14724;1689;0;9828;6691;2049;3863;1144;977;27;1004;771;756;1444;1103;391;1452;1362;3560;1201;748;905;10714;3125;869;16;916;4551;4408;1669;15482;16849;2088;1774;1917;1793;1646;3981;4091;5193;1987;2100;2855;1904;1002;11544;6830;10708;2289;753;297;541;313;2862;1521;2608;1605;1228;6641;4096;1544;4805;3194;8050;3494;5057;992;3290;833;170;234;1763;0;0
QN51;1454;748;1449;2476;2073;2881;2059;2607;1189;941;14628;4536;2191;739;521;1971;720;364;919;1782;1751;2041;1640;2114;973;806;24981;2371;5;16661;8293;6181;6547;1778;2182;93;1657;1282;953;2996;1500;661;2489;1883;5049;2794;2828;796;20603;2921;1457;0;5831;7270;3581;1195;24824;26685;2850;2381;1922;2461;3257;8194;7528;8089;3542;3074;4265;2827;1119;17877;9618;14422;6084;2670;498;826;601;3365;2156;4517;3746;3999;10375;5106;2584;8372;4456;8033;9844;4564;1460;2901;1856;505;703;6944;43;0
QN52;883;356;763;827;1146;1583;1042;1453;476;341;7105;2544;1149;591;272;1115;457;183;515;649;876;1297;927;1257;470;269;12811;1515;0;9323;3728;3071;3616;1071;1325;20;826;686;586;1199;955;191;1072;1276;2429;1730;1410;431;10546;1335;888;42;2283;4046;1830;711;13333;14610;1336;1479;1206;1244;2055;4305;4154;4579;1834;1457;2211;1580;503;8870;5058;8088;4242;1578;158;239;365;2196;1009;2813;2623;1851;5242;2604;1813;4452;2038;4456;4414;2588;772;3048;976;232;327;1453;10;0
QN62;380;208;659;830;886;1387;822;734;198;280;5389;1525;650;219;247;552;148;196;560;707;771;1131;692;660;219;223;9517;996;31;6500;2948;2176;2564;645;1184;7;521;509;349;950;841;297;731;711;2061;1453;770;317;7520;1284;713;0;1298;3419;1275;392;10284;10705;1180;1392;1143;1325;1409;3203;2818;3571;1334;1127;1271;905;311;6384;3969;6814;2761;1019;150;204;179;1947;1332;1732;1902;1536;3869;1652;1295;2745;1541;3853;2531;1348;2209;1973;985;132;62;57;26;0
QN06;371;219;880;723;1261;1700;1188;1590;725;832;7808;2848;1793;292;154;629;116;79;354;291;884;1025;889;1438;641;810;12488;947;0;7770;5771;2004;3366;532;815;26;443;465;350;1522;883;533;1027;1193;4119;558;712;657;9627;2148;713;0;2033;4308;2603;545;11174;13893;1212;1098;1334;1343;1640;2798;3182;4557;1867;1541;2362;1394;739;9489;4646;6739;2636;827;283;306;212;1900;1208;2665;1183;1053;3557;3043;1169;4598;3837;5422;4067;3503;348;994;357;133;226;4361;10;0
QN35;674;517;1372;1284;2027;2704;1582;2280;842;275;11595;2853;1527;534;278;1205;245;315;849;872;1212;1667;1164;1642;699;203;18799;2441;0;11197;6879;3958;5079;999;1884;55;887;885;571;1935;1567;542;1726;1929;5049;1765;1121;767;14558;2626;1602;13;4817;5954;2353;433;19158;19291;2403;1743;1432;2448;2714;6944;5433;5465;3016;1789;2806;1367;889;13557;6381;10419;4863;2020;567;371;566;2374;1842;3937;2570;2155;6100;3191;2420;7481;3792;5639;7918;2340;564;1972;1337;437;419;7264;57;11
QN37;874;626;1307;1123;1798;2334;1738;2143;831;491;10523;3305;1844;517;314;1235;238;403;676;657;1202;1475;1275;1666;644;452;15949;1786;0;10860;7457;2370;3986;754;1382;80;472;596;625;1292;1004;457;1795;2041;5028;1034;820;705;11806;2857;1276;10;3464;6807;2466;528;17624;19059;3095;2387;2312;1888;2895;5738;4271;4708;2496;1823;2592;1938;540;13265;6630;11687;2934;1373;269;821;599;3680;1447;4354;1285;1315;5110;3698;1936;6303;4459;6839;6426;1553;2216;3055;1047;1887;1565;3033;18;0
QN38;1422;766;1256;1167;1195;2087;1400;1589;547;368;8690;3584;1557;842;518;1743;667;240;631;820;839;1541;1292;1305;510;355;14046;2131;0;11210;4960;2465;4164;1504;953;2;1240;386;529;1331;816;311;1616;1092;3758;1688;848;429;11149;1695;1078;124;3518;4906;2862;511;15867;17665;1942;1738;2097;3187;2824;3677;4363;4835;2408;1880;2348;1616;617;11797;5761;10068;3065;1152;394;518;336;3122;1637;4765;1620;1900;5284;3752;2055;4663;2470;5292;6505;3055;1622;1608;932;882;330;3937;17;0
QN41;413;235;524;581;952;942;1068;1010;446;411;5104;1819;1374;109;213;428;137;150;273;305;636;585;842;780;431;388;8232;869;0;5407;3479;1232;2458;364;699;17;300;377;403;871;599;409;811;950;1802;661;602;430;6729;1063;422;18;908;3545;1784;345;8605;9572;1216;1071;1224;821;1288;2608;2465;2973;1064;862;1412;729;444;6582;3659;5983;1353;579;295;289;216;1775;884;1626;617;656;2170;1911;1293;3807;2103;2706;3876;2154;677;789;134;1718;270;1133;23;48
QN53;1047;677;1824;1536;2546;3214;2339;2231;1104;622;14770;3728;1917;1129;497;3264;742;446;1253;1064;2030;2670;2057;1798;1002;558;26991;4088;58;15079;6880;7137;6830;2640;3504;40;2017;1311;678;2689;2439;498;2128;2758;6565;3187;1695;986;21671;3825;1422;73;5762;7409;2894;1075;29264;30286;4573;4112;3756;4575;4906;9283;8900;8452;3260;2704;2829;1462;738;17140;8846;21182;9101;3217;1261;952;820;6260;3959;4265;4305;4653;11355;6392;2885;5466;2572;8313;8827;3424;2691;7815;2264;419;242;1848;61;0
QN54;1010;731;1697;1834;2295;3573;2556;2367;985;487;15682;3560;1344;1031;668;2904;763;443;1363;1529;1887;2879;2199;2119;916;451;30611;3480;34;17165;6382;8100;8627;3286;4216;24;2601;1517;808;4290;3436;426;2391;2798;6387;2810;2004;1119;24120;3861;2588;42;5857;6899;3547;1232;32293;32906;3708;4361;4697;5145;5325;9851;9683;9707;4043;3359;3207;1442;671;17535;9785;22323;11957;3174;834;771;1076;7111;4525;5768;5653;5616;14118;5070;2685;6357;2464;8483;9052;4492;1356;8306;2682;584;215;1138;55;0
QN60;442;399;914;717;1395;2288;1271;1461;787;323;8022;2255;1260;378;338;1102;115;182;449;365;770;1023;796;918;558;269;12097;1156;0;6278;5440;2141;2766;691;1059;13;649;449;105;988;1045;304;1256;1857;3407;665;684;675;8940;2308;835;14;4273;4351;1161;212;11240;11638;1349;878;930;1155;1479;4674;3044;3058;1566;1568;1791;850;536;9997;4120;6189;1327;1163;465;355;113;1442;952;2102;1024;1005;3276;2500;1357;4244;3681;3557;6440;859;418;864;683;195;226;7732;0;16
QN55;1101;803;2321;2490;2785;4141;3074;3253;1189;874;19367;5206;2364;1552;728;3208;765;535;1554;2100;2552;3470;2595;2951;1044;781;37784;4400;11;22384;7859;9921;10877;4105;5022;21;2465;2152;1124;4859;4657;613;2911;3529;8977;2662;2490;1324;30579;4812;2333;60;5728;9266;5237;1800;38893;41153;4516;4454;5458;5908;6953;11372;11807;12454;5536;3701;4934;2341;612;22031;12179;27395;14503;3728;1195;976;816;8004;4804;6288;7375;6384;19172;7573;3242;6729;2282;13967;8064;10283;1909;8741;1602;149;133;493;38;22
QN56;512;292;473;443;886;1437;962;1332;304;196;5693;1585;852;506;150;1141;286;148;376;309;700;1065;817;1184;290;159;10074;1191;0;6058;2416;2519;3098;808;1233;0;722;409;228;1209;870;144;864;1070;2125;1357;467;609;7823;1816;435;0;1514;2971;1917;435;10746;11390;1657;1210;1568;1369;1851;3143;3214;3523;1319;966;1304;704;308;6837;3632;7847;2661;1151;299;246;251;2186;1208;1660;1512;1361;5216;2505;1101;1867;919;3912;2925;2176;915;2938;767;380;52;225;0;21
QN57;433;532;925;967;1503;1881;1834;1705;735;746;8179;4969;2981;406;162;729;141;195;513;603;817;1243;1531;1381;585;730;12954;1179;0;9861;4493;2782;3574;1039;1066;48;788;496;387;1176;1276;363;1274;1256;3610;1037;567;676;9746;2471;737;0;1862;5070;3310;1019;13020;15749;1377;1722;1415;1392;1392;3300;3646;3974;2227;1893;3215;2148;1068;11261;5818;8439;2302;908;567;437;332;2530;1052;1570;1380;2341;7832;3417;1564;3129;1808;8232;3029;4317;258;2881;1886;321;16;1994;0;0
QN42;648;317;954;867;985;1920;1798;2411;675;660;8906;3255;1933;327;214;652;218;192;592;447;573;1181;1196;1863;567;593;13438;873;0;8584;6298;1935;3772;732;701;14;690;480;534;1738;910;300;1538;1437;3385;878;949;585;10297;2377;748;16;1504;5382;3502;847;13683;14414;1762;1609;1560;1255;1287;3697;3928;4470;2306;1775;2149;1457;842;11235;6009;8713;1505;583;348;583;369;2456;1327;1749;921;753;4830;3491;1341;5364;3924;8148;3087;3110;858;3853;980;154;284;2433;13;16
QN45;350;245;761;723;799;1322;1463;2076;818;1120;7462;3324;1914;267;62;373;182;29;243;474;496;871;1038;1652;697;1029;12762;933;7;7697;6231;1812;3527;580;612;16;439;636;517;1412;365;410;1482;1596;3221;1071;863;734;9856;2074;796;36;817;4413;3256;1191;12681;12938;1262;1105;1548;1568;1184;2861;3097;4552;1869;1827;2438;1481;827;9677;5687;7494;1827;766;258;484;217;2204;1229;1826;890;670;3434;3025;931;6073;3929;7569;2108;3926;1090;2742;859;207;131;1109;8;0
QN46;619;422;1362;1215;1824;2415;2362;3236;1591;997;13087;4899;2758;392;304;748;239;191;659;794;1231;1645;1845;2639;1343;953;21972;2225;0;13761;9377;3214;6137;1609;1635;31;1463;1073;1094;2211;1431;800;2297;2137;4892;2027;1557;959;17127;3485;1292;68;2080;6892;5267;1804;21714;23808;2257;1993;2844;2603;2529;6258;6025;7765;3246;2855;3794;1997;1356;16043;9267;13992;4019;1538;687;724;360;3846;2493;3167;2420;1900;7826;5227;2222;8641;5060;10839;5204;6776;2765;3499;1436;379;880;1184;45;0
QN48;269;381;532;643;646;1303;1098;1364;580;366;5667;2513;1380;226;134;333;133;138;325;456;391;1048;910;1197;567;345;9364;864;0;6941;3781;1649;2742;403;789;0;387;433;381;1032;541;298;1126;796;2268;803;837;462;7351;1597;416;0;868;3445;2177;692;10047;10637;1445;741;1058;1173;1268;2801;2810;3214;1359;1496;1679;1165;475;7182;4345;6477;1950;685;187;402;158;1374;1059;1808;1059;1268;3634;2343;1016;3156;2523;4783;2399;2837;1190;2451;746;90;77;171;0;0
QN01;1385;851;1365;1098;1639;2087;1141;1317;501;243;8847;3392;1858;668;836;3306;756;408;908;888;1409;1454;940;1107;378;230;15304;2860;0;9988;3436;4742;4061;1195;1870;12;860;610;259;1958;1736;371;799;1084;5015;976;776;848;11569;2873;839;23;5024;4070;1845;688;16880;19984;2652;2451;2943;3211;2779;5205;5215;4857;1788;1556;2586;1029;592;11627;3493;13991;5379;2316;817;671;493;4536;2465;3042;2499;3161;7032;4457;1768;2824;1087;5189;6438;4361;1071;4085;1513;354;297;1718;0;0
QN02;645;450;949;1028;1802;1997;1473;886;600;109;7799;3123;2272;603;239;1168;166;129;622;659;1072;1055;1138;903;477;88;12162;1897;84;7315;3414;3278;3610;535;1325;0;169;202;223;1407;1539;204;950;824;4571;548;591;934;8489;2977;696;0;3028;4658;1850;403;11295;15664;1465;1684;2010;1799;1665;3547;3930;3640;1445;1679;2086;1200;809;9939;2526;8466;4387;1293;469;595;241;2997;1742;2339;1137;1717;5224;5191;1485;2525;1057;3074;6865;1669;245;2199;489;63;197;5570;15;65
QN07;376;354;441;727;742;1146;642;1194;421;230;5381;1520;906;338;238;1015;183;139;281;569;555;895;599;1024;398;230;10606;1682;25;5602;2896;3144;2763;720;1083;44;391;413;303;1312;1024;175;795;669;3343;1064;474;599;8020;2108;478;0;1800;2304;1593;576;9675;11845;1165;988;1228;1675;2034;3033;3046;3278;1294;1236;1484;691;368;6273;2577;7203;3917;1145;315;318;195;1781;1403;2321;1511;1234;4181;3072;1189;2316;927;3605;2668;3177;290;1383;445;89;231;1228;0;0
QN08;720;304;1293;1319;1859;2665;2295;3057;1180;616;12918;4862;3302;762;457;2101;229;161;687;896;1354;2127;2036;2711;1047;529;24876;3459;67;12633;6483;7009;6578;1757;3049;0;1116;761;368;2340;3283;565;1801;1453;8371;1426;1170;2222;17656;6483;704;33;3262;6177;4311;1558;23386;27712;2914;3179;3431;3655;3749;6476;6926;8342;2889;2815;3176;2496;1050;15308;5694;16804;9960;2699;765;910;647;5462;3055;4346;1838;2870;10402;7845;3401;5236;2578;11404;3904;8713;3100;3957;520;88;80;142;52;14
QN61;1598;991;2299;2038;2484;2811;1633;1225;314;307;13260;3418;1249;1088;610;3563;743;591;1595;1468;2009;2186;1255;1030;278;264;22677;3752;0;13522;4035;7604;5694;2085;3259;0;1633;1449;437;3505;1671;267;1628;2113;5181;2388;1601;804;18451;2488;1704;34;8682;5009;1638;371;25103;25819;3799;3278;3167;3155;3412;8064;8291;7096;3323;1992;3328;1556;461;15700;6967;16005;8020;2928;713;787;740;5265;2703;3490;7003;4591;9469;4216;2728;4108;1996;4454;11246;2331;771;3561;1333;602;493;7566;0;47
QN76;585;435;947;955;1325;2228;1491;1508;464;426;8615;2737;1633;850;479;2063;346;220;553;816;1103;1836;1114;1330;364;358;15435;2470;15;9014;3991;3959;4315;1277;1893;15;731;466;248;1505;1882;326;1078;1205;4977;1225;798;979;11518;3152;753;12;3104;4019;2587;654;16029;18264;2093;2232;2374;3211;2686;4493;5085;4760;1992;1704;2048;1064;551;10364;3641;12121;5940;2017;532;562;463;3835;2939;2401;1681;2392;7582;4776;1547;2610;1109;6396;3968;5179;1348;3362;549;123;18;1056;8;0
QN03;206;146;225;378;610;1049;932;1407;431;169;4878;1384;1218;223;256;709;158;51;196;322;550;742;695;1207;362;123;9182;1073;0;5140;2943;2659;2051;676;853;17;489;402;90;686;1067;138;443;894;3272;596;381;707;6611;2202;353;16;775;2434;1770;574;9221;10680;1313;1394;1548;1175;1865;2960;2622;3167;993;1028;1124;570;142;5553;2271;7271;2661;977;342;374;418;2482;1025;1678;427;1311;3577;3100;1177;1875;1139;3780;1773;2353;629;2605;309;30;55;43;16;0
QN05;182;157;255;591;962;1107;1436;1851;912;443;7268;1712;1389;276;356;956;200;106;99;392;755;932;1175;1809;705;367;14192;1189;0;5995;4671;3389;4088;853;1191;9;520;278;257;1579;1440;363;1110;1231;5248;623;631;903;10851;2811;521;9;899;3283;2658;1056;12209;15992;2087;2098;2056;2282;2123;3921;3425;4360;1877;1516;1504;621;331;7896;3450;10376;5024;1419;637;573;656;3247;1895;3287;1003;1023;4417;4181;1662;3623;1646;5448;2448;3582;825;3164;590;0;0;0;16;0
QN33;156;130;296;508;563;1295;996;1311;776;306;5317;2537;2008;301;189;624;108;20;184;309;399;1073;830;1172;702;302;9913;722;33;6715;3583;2184;2578;700;868;5;442;324;85;926;817;355;711;691;3743;390;465;959;6602;2961;350;0;713;2647;2320;657;9274;10938;896;815;891;1599;1475;2122;2664;3418;1392;1345;2023;1221;351;6337;2914;6242;3826;882;158;273;144;1451;1178;2323;696;1243;4053;3104;1291;2498;1651;5309;1028;4344;1049;863;255;17;0;65;5;0
QN34;580;519;1238;1065;1860;3202;2479;3197;1303;605;14264;4442;2695;651;568;2035;299;382;899;705;1598;2589;2220;2979;1129;564;28915;3969;29;14341;7691;7224;8081;2391;3528;6;1412;1270;638;3327;3060;617;2242;2661;8804;1743;1539;1596;21898;5478;1495;44;2754;6281;4774;2239;27844;29705;2974;3078;3458;4374;4665;7950;8477;8551;4216;3003;3988;2123;692;16048;8639;19901;9949;2758;591;712;669;5345;3912;5455;2998;3709;12177;7678;3199;6661;2578;10761;5287;9813;1584;3574;790;218;149;678;20;0
QN43;252;164;455;536;1004;1596;1149;1679;737;538;6771;2267;1571;291;112;412;77;60;194;455;649;1109;1089;1460;748;478;12155;1079;26;7396;5022;1612;3434;763;1324;3;615;495;398;1492;1293;301;1028;1091;3574;600;545;720;8561;2867;700;27;801;3184;3135;990;12986;12978;1606;1450;1608;1819;1492;4047;3310;4331;1741;1416;1546;1083;515;8110;4995;8651;2901;639;378;337;267;2503;1653;2355;911;1046;5027;2844;1372;4324;2465;5855;2255;4373;778;2731;527;125;71;303;0;0
QN44;380;379;679;886;857;1351;1334;1874;924;503;6197;4059;2211;268;77;375;61;66;218;429;307;721;893;1423;840;400;10472;794;0;7991;4837;986;3182;773;694;7;692;571;283;1163;880;285;1181;1263;3086;340;232;489;7671;2294;507;0;1099;4364;2839;865;10254;12173;1004;940;1108;974;1025;3217;2390;3107;1703;1625;1861;1992;1481;9167;4375;5825;2247;369;166;307;268;1501;925;1606;790;889;4066;2587;1216;4527;3301;7068;2099;3887;225;2588;476;155;99;2477;37;0
QN66;199;240;510;481;1021;1351;1258;1775;689;367;6464;2915;2282;250;285;1050;69;184;290;367;751;930;1089;1593;622;332;11939;1192;0;7128;3931;3270;3047;711;980;24;424;207;125;1181;1334;375;959;735;4530;486;525;1034;8242;3325;364;8;1097;3157;2480;1157;10978;14163;1124;1519;1724;1866;1514;2891;3220;3965;1713;1811;2182;1267;345;7891;3538;8065;4739;879;343;365;322;2748;1358;2692;834;1805;4511;3797;1827;2880;1740;6412;1479;4746;1258;2018;341;27;9;90;12;0
QN10;407;497;982;846;1143;1776;1736;2123;913;896;8745;3632;2972;426;245;731;153;128;429;479;485;1044;1268;1661;898;823;12732;1034;0;10104;5258;2373;2985;1226;890;0;902;323;231;685;1028;368;1388;1390;4024;814;401;1178;8647;3520;519;46;2245;4843;3248;983;14356;15187;1535;1954;1867;1651;1212;2749;3973;4730;2277;2286;2758;1824;727;11319;5766;8758;1379;827;462;544;361;3090;1465;1562;947;1516;5551;3981;1713;4209;3407;7250;4069;7009;560;1559;826;415;295;3111;10;0
QN12;2037;831;1238;1521;1568;2068;1158;1171;346;219;9145;2551;1946;1047;1325;3727;1202;494;900;916;1063;1512;871;883;275;180;12620;2418;45;11292;3355;4078;2757;863;1567;0;486;479;156;931;1398;127;751;971;4867;849;615;990;8846;3199;575;0;5935;4407;1528;287;16469;19031;2756;2650;2989;3056;2622;4337;4415;5358;1753;1588;2172;1240;564;12157;3343;13387;3811;1243;690;571;714;4546;2871;2404;1769;3687;7128;4067;1233;2455;1088;3871;8286;1140;1177;2611;913;495;430;7062;0;10
QN15;3073;1235;1766;1321;1655;2625;1634;1434;606;711;11414;4026;1366;1974;1258;5330;932;654;965;878;1390;1912;1368;1151;518;643;19281;2252;34;15558;5749;5292;4514;1839;1887;0;1409;664;333;1816;1661;373;1427;1840;6045;1264;1466;983;15386;2841;1027;27;7817;4980;2611;652;23253;27041;4966;3648;3789;3573;4108;7624;5518;5545;2644;2065;3571;2269;974;16060;5612;18765;5702;1849;850;1303;893;5947;3238;3272;3923;3743;8432;5222;1868;4291;2731;4111;11949;2804;898;3555;1472;614;524;7986;0;30
SI07;284;346;612;426;759;1448;1549;1968;1124;567;7058;3093;2486;271;127;459;84;154;243;249;439;953;1086;1719;1065;532;11211;792;0;7644;4287;2047;2970;939;968;0;771;217;158;872;933;358;1326;1080;3259;503;550;1184;7646;3143;422;0;1028;3401;3291;1363;11971;12231;1450;1201;1681;1449;1340;2472;3876;3893;1634;1472;1831;1267;636;9083;5184;7707;1332;805;446;584;240;2224;1273;1644;458;1058;5685;3446;1015;3358;2061;6689;2394;5273;1204;2207;370;195;86;324;15;0
SI08;824;392;605;908;1325;1348;871;1110;292;266;6497;1428;850;544;480;1402;460;304;428;521;876;845;587;755;275;247;10496;1058;0;6792;3121;3320;2480;771;804;0;430;506;145;672;640;340;1012;1054;3721;933;539;504;8310;1650;536;0;2203;3705;1733;300;10469;13389;1838;1887;1533;2453;2498;3731;2805;3107;959;1145;960;599;343;7941;3141;7428;2272;965;278;415;311;2592;1331;3753;1731;1403;3667;2380;1090;2068;1310;3410;4531;1574;1707;1122;560;73;132;3364;35;0
SI12;976;534;887;1093;1363;1382;1254;1656;589;291;7714;2229;1604;691;600;2167;575;349;509;832;1079;1236;1179;1338;539;284;12489;1212;0;9579;3816;3213;3241;985;1234;0;721;388;161;1354;828;254;1364;1267;3400;1059;733;960;9263;2748;443;35;2533;4025;2494;973;14153;16320;2230;1919;2564;2703;2585;4475;4378;4378;1537;1302;1363;783;256;10025;4479;11921;2399;1443;755;343;407;3585;2374;3084;1354;1887;6685;3217;1588;2408;1333;6043;3982;2354;3584;2988;420;285;176;1263;128;0
SI22;1835;744;1344;1014;1242;1843;1282;1516;532;334;8702;2709;1785;758;975;3147;1119;313;833;491;845;1090;962;1191;522;261;12509;1438;37;9874;4624;3216;2734;840;1095;0;739;350;213;1094;654;325;933;1501;4356;1027;530;787;9085;2770;636;18;4959;4332;1911;484;15078;16136;2577;2319;2063;2581;2103;4530;4170;4445;1538;1606;1903;982;397;11686;3752;10875;2800;1147;636;573;551;3489;2046;2079;1122;2191;5708;3557;1338;3303;2352;4698;6988;2938;1331;3002;1289;369;407;4384;37;0
SI28;784;355;484;424;649;1056;940;921;594;162;4748;1700;1186;264;469;1078;433;169;307;297;387;843;812;789;546;155;8057;603;0;5999;2371;1759;1731;1269;927;0;967;225;126;655;844;170;499;623;2239;485;461;763;5623;2137;297;0;1551;2440;1721;657;9374;9866;1774;1431;1159;1260;1328;3137;2577;2475;1098;1024;750;841;386;6369;3033;6659;1940;1094;332;289;288;2047;1118;1029;844;1274;4379;2235;987;1673;896;3948;2421;2783;1020;2301;255;162;318;220;5;0
SI35;480;140;558;484;572;943;963;1058;442;663;5093;1586;1179;263;136;691;230;39;183;296;392;576;776;938;398;586;7883;794;0;5646;3517;1547;1620;531;668;0;516;290;55;618;288;119;725;823;2768;647;358;676;5672;1796;399;16;1113;2353;2169;668;9334;8976;1127;1253;1289;1279;1232;2408;2319;2856;1336;1016;927;835;433;6303;3323;6162;1242;641;233;315;321;1937;1096;1256;741;614;3493;2177;970;2167;1968;4049;2254;3400;696;1558;436;156;64;656;35;10
SI37;977;521;1078;758;1067;1193;1249;1490;526;256;6844;2244;1359;752;429;1838;560;221;598;532;637;896;835;1196;452;180;10978;870;32;8906;3164;3042;2600;1139;1033;0;913;286;201;1306;578;176;805;1094;2932;1108;726;853;7986;2233;759;0;2952;3731;1918;514;12697;12938;1379;1696;1482;1825;2116;3998;3429;3799;1872;1089;1445;1109;396;9115;3807;8195;2361;1315;335;295;361;2368;1661;2034;1746;1899;5397;2719;1004;3008;1364;4485;4630;2407;1965;2636;987;305;269;1559;64;0
SI05;569;386;977;1015;1289;2107;2425;2271;1397;909;10716;4461;3036;617;318;1040;247;109;577;732;833;1660;2175;2084;1351;813;17409;1208;0;13335;6880;3266;4714;1258;1291;0;1256;551;251;1700;1413;314;2000;1879;5132;849;920;1144;12480;4105;747;77;1399;4998;5291;1657;18784;20733;2308;2048;2848;2433;2061;4871;5092;5964;3072;2646;3496;1716;962;13345;8478;13352;2525;786;422;605;445;4108;1961;2704;1108;1755;9441;4878;1845;5252;3540;9861;3484;4525;4468;3991;571;91;18;618;0;0
SI14;434;302;396;372;586;844;743;983;412;366;4008;1517;981;420;213;743;247;151;159;280;404;615;583;892;388;314;6344;546;298;4647;2582;1185;1814;429;334;0;347;148;120;829;419;104;831;681;1780;327;271;487;4749;1189;406;0;1129;2200;1654;455;6848;7927;909;977;887;711;941;2157;1809;2220;1082;1094;1090;578;320;5438;3062;4441;1168;373;193;201;217;1462;637;1071;781;888;2569;1866;816;1881;1549;3406;2032;1316;2119;968;170;252;82;1180;28;0
SI24;397;384;594;705;1254;1718;1614;2245;1143;1042;9029;3700;2363;319;163;680;110;270;361;427;809;1351;1144;2010;1049;1021;14802;770;15;10844;5754;2218;4514;1305;1011;20;935;625;288;2021;895;480;1533;1490;3996;761;779;979;10603;3121;1030;48;1221;3764;4388;1723;15087;16844;1482;1513;2031;2220;2047;3060;4202;5158;2528;2367;2795;1702;826;11096;6924;9979;2403;720;377;475;216;2884;1983;2246;1072;1658;7115;3658;1425;4156;3554;8883;2213;4175;3255;2308;287;194;303;1171;4;42
SI36;492;489;851;754;993;1556;971;1372;839;435;6645;2966;2030;675;277;833;96;135;299;456;713;1056;761;1255;782;302;10656;940;106;8987;3982;1752;2832;1298;792;10;1168;360;234;947;760;173;1307;1293;2617;670;499;618;8357;1807;492;0;1548;3787;2467;950;12235;12764;1288;1235;1350;1469;2052;3543;3160;3654;1704;1407;2065;1401;671;8752;4552;7883;2229;763;260;405;399;2025;1218;1921;1039;1393;6042;2837;1073;3393;1828;5817;2935;2704;2377;2132;740;277;155;862;28;0
SI45;333;250;630;651;929;1171;1123;1452;848;494;5832;2659;1948;249;177;657;215;75;328;448;637;864;928;1219;627;474;9551;848;21;6526;3321;1966;2424;961;879;0;721;320;149;687;753;307;1029;1040;2422;660;392;1071;6962;2220;366;3;1060;2984;2676;1161;10290;10918;1509;1299;1151;1295;1351;2380;3142;3718;1275;1229;1559;873;427;7881;4554;6833;1370;531;397;324;155;2017;1153;1481;458;900;5099;3083;1028;2484;1551;5935;1946;3783;1989;1832;298;28;57;411;0;0
SI01;459;274;498;490;814;1500;1517;2112;1192;930;7867;3182;2209;238;103;308;261;52;271;317;529;1177;1214;1924;1068;898;13358;941;0;9084;5248;1957;3956;1276;921;21;1072;349;323;1234;798;362;1841;1143;3825;708;652;1030;9753;2958;647;0;528;2859;4313;2086;14589;14138;1303;1522;2146;1898;2142;3095;4019;4880;2093;1867;2332;1124;306;9786;6415;10512;1222;629;336;202;289;3028;1580;2275;635;1152;6702;3866;1324;3841;2196;8044;1742;5011;2082;2873;213;0;22;110;12;29
SI11;293;185;520;392;665;1388;1087;1426;743;923;6196;2213;1573;277;58;443;123;37;276;253;570;1113;904;1272;708;851;10411;618;0;7595;4034;1436;2667;1323;951;0;1228;292;123;980;761;239;991;1343;2565;521;631;737;7762;2201;448;0;446;2190;3446;1540;12491;11592;1494;1965;1682;1548;1512;2976;4070;3959;1301;1073;1661;638;204;7622;4971;8524;1321;649;207;443;681;2544;1581;1253;475;1131;4867;3463;1158;2969;1819;6001;1621;3710;2074;2202;86;91;74;0;7;0
SI25;274;214;650;655;910;1378;1083;1675;708;647;5980;3205;2363;420;145;751;15;108;207;328;636;1045;884;1504;678;620;9956;806;0;7327;3289;2033;2918;918;798;6;692;347;154;887;701;252;1268;1151;2703;600;356;839;7433;2270;253;0;1116;3073;2834;1171;10428;11610;1201;1196;1330;1241;1084;2593;3232;3025;1301;1548;2179;1549;559;8194;4796;7255;1330;405;162;367;189;2139;1153;1368;665;1108;5107;3294;1221;2686;1905;5674;2520;2913;2423;1693;214;71;140;1199;80;0
SI32;271;345;220;410;516;1237;962;1421;755;808;5795;1769;1219;260;83;274;175;265;110;323;345;885;795;1377;747;714;9180;470;56;5936;3354;1416;2635;1170;605;0;976;195;232;1108;499;265;1068;735;2231;627;461;783;6827;1939;335;79;460;2127;3177;1181;9766;10172;1019;1612;1370;1007;1205;2671;2951;2926;1476;1434;1587;539;141;6945;4764;7190;754;251;133;340;368;2260;939;1220;522;565;4651;2883;1327;2216;1561;5697;1248;2735;2173;2229;33;32;10;6;7;0
SI48;315;186;472;429;543;1468;1632;2256;829;675;7289;2557;1861;184;63;258;175;40;235;226;404;1015;1338;1998;795;644;11901;1075;13;6971;4504;1661;3483;1263;990;24;720;353;206;1220;1157;359;1441;1323;3206;593;441;858;8945;2690;248;18;349;3167;3840;1449;12124;12675;1202;1406;1647;2034;1377;3187;3888;3705;1776;1996;1712;599;270;8805;5787;8785;1030;362;210;235;293;2511;1567;1788;494;813;5682;3271;1467;3430;1976;7505;1300;2011;4920;2194;42;0;13;8;0;0
SI54;363;476;834;868;1156;2256;2747;3653;1768;1168;12153;5182;3945;576;172;749;129;123;339;465;841;2016;2254;2998;1545;1159;19796;1461;28;13732;7750;3279;5439;1654;1674;0;1225;682;484;1795;1431;545;2642;2363;5153;1011;829;1636;13969;5138;680;9;1160;5438;6037;2654;21259;22168;2181;2769;2847;2927;2627;4632;6524;7139;2999;2825;3646;1770;541;15289;9820;15274;2006;979;598;718;574;4417;2471;2914;673;1470;10966;5811;2511;5090;3555;12954;2335;5287;6013;3310;410;294;180;213;9;0
SI99;0;0;0;0;0;0;0;0;0;0;0;0;0;0;0;0;0;0;0;0;0;0;0;0;0;0;0;0;0;0;0;0;0;0;0;0;0;0;0;0;0;0;0;0;0;0;0;0;0;0;0;0;0;0;0;0;0;0;0;0;0;0;0;0;0;0;0;0;0;0;0;0;0;0;0;0;0;0;0;0;0;0;0;0;0;0;0;0;0;0;0;0;0;0;0;0;0;0;0;0
BK99;0;0;0;36;46;56;0;19;7;6;153;47;28;36;0;82;27;19;0;19;0;7;0;0;0;0;218;19;0;63;95;72;51;0;0;0;0;7;0;0;0;15;0;47;49;30;7;63;155;63;0;0;117;26;27;0;180;236;28;25;45;30;37;120;20;60;23;11;0;17;0;170;8;124;12;102;102;0;0;70;30;0;0;73;43;7;0;75;53;27;143;0;0;0;63;11;6;74;27;0
BX98;0;0;0;0;0;0;0;0;0;0;0;0;0;0;0;0;0;0;0;0;0;0;0;0;0;0;0;0;0;9706;0;0;0;0;0;0;0;0;0;0;0;0;0;0;0;0;0;0;0;0;0;0;0;0;0;0;8821;920;0;0;0;1475;2051;2668;1887;1281;227;96;44;12;0;0;0;0;0;0;0;0;0;0;0;0;654;3631;1063;646;94;115;12;0;0;0;0;0;0;0;0;0;0;0
BX06;2201;1208;1374;1248;953;864;240;145;86;0;5322;1794;833;1215;1076;3957;931;771;1005;737;633;512;183;94;56;0;8709;1157;0;9591;1589;2986;2078;708;1348;90;470;295;101;1110;486;135;643;677;2494;1174;858;176;7223;900;586;0;6592;1490;147;90;12173;13610;2145;2206;1675;3139;4027;3284;3332;2407;847;750;1138;674;159;8319;1467;8987;2435;1675;662;357;365;3296;1462;4597;2949;2233;3297;2086;674;759;593;385;7934;120;83;681;746;586;1581;5527;0;0
BX17;3827;2043;2361;1586;1619;1381;807;476;132;13;9047;3022;751;2764;1945;7300;2126;1185;1739;1127;1175;935;853;281;113;0;13587;3147;45;13895;2386;5254;3544;688;1715;15;441;438;237;1965;843;236;1055;953;4482;1452;1045;425;10718;2071;789;9;10797;2963;437;48;18907;22964;3541;3477;3500;4179;3995;5572;5275;5255;2138;1570;1969;1035;365;14245;2345;17430;4497;2128;996;708;840;5777;3437;2291;4848;4364;6483;3578;1665;1832;409;1031;13214;304;410;867;1078;585;944;11227;52;28
BX26;2480;1447;2644;1594;1665;1459;960;407;21;34;9201;2363;968;2080;1433;6118;1164;895;1831;1121;1143;1037;614;342;0;34;13230;2796;0;11048;2169;5118;3173;810;1960;12;522;658;258;1637;1079;241;903;966;3932;1592;1089;341;10434;1780;1016;0;9090;3181;372;68;17461;19604;2983;3589;2917;3331;2782;5724;5096;4771;1724;1527;1613;835;173;12711;2547;14752;4203;2089;832;689;720;5212;2738;2250;4178;3606;5945;4051;1524;1459;700;605;12106;264;133;720;622;486;771;10459;8;11
BX63;2027;1504;1923;1942;2088;2057;733;429;85;7;9824;2299;931;1646;1203;5734;1260;1020;1386;1517;1549;1389;526;314;65;0;15934;2566;61;10199;1996;6895;3788;1282;1973;11;601;890;281;2352;1048;157;707;1318;4948;2062;1263;296;12842;2007;1085;0;9675;2708;394;18;18695;20985;3568;3083;3640;3082;2901;6143;6091;5098;2084;1603;1546;678;163;12795;3217;15151;5946;2481;1244;761;707;5782;2279;2680;5255;3893;6392;3984;1325;1900;657;371;12424;73;50;298;355;311;291;12103;72;43
BX99;55;33;74;28;100;86;49;38;3;16;397;72;32;43;7;126;8;23;17;37;65;65;31;15;3;0;600;94;0;313;170;208;178;8;36;0;0;22;25;62;31;17;31;69;249;49;19;26;471;105;24;0;229;223;30;0;643;734;136;123;76;101;54;213;220;146;116;83;65;27;17;482;132;317;150;63;43;62;43;136;94;36;112;129;217;184;61;130;54;137;345;25;0;21;15;0;6;474;0;0
MN99;0;0;0;0;0;0;0;0;0;0;0;0;0;0;0;0;0;0;0;0;0;0;0;0;0;0;114;151;0;1207;15;63;18;11;7;3;4;4;5;7;6;0;0;23;20;38;4;0;100;14;0;0;0;0;0;0;1216;267;0;0;3;8;49;340;291;402;190;94;48;43;15;0;0;0;0;0;0;0;0;0;45;30;251;371;498;176;41;67;19;0;0;10;0;0;0;0;0;0;0;0
QN99;0;26;20;0;22;11;26;53;4;0;102;60;25;0;0;0;0;0;4;0;9;11;26;43;4;0;174;24;0;179;72;37;28;37;0;0;27;10;0;0;0;0;9;42;83;0;0;3;129;32;13;0;80;70;12;0;196;242;24;19;18;28;26;47;20;89;27;17;22;48;53;162;75;90;15;9;0;15;0;37;9;37;33;55;46;50;37;74;28;100;62;8;4;45;10;19;31;56;0;0
QN98;0;0;0;0;0;0;0;0;0;0;0;0;0;0;0;0;0;0;0;0;0;0;0;0;0;0;0;0;0;0;0;0;0;0;0;0;0;0;0;0;0;0;0;0;0;0;0;0;0;0;0;0;0;0;0;0;0;0;0;0;0;0;0;0;0;0;0;0;0;0;0;0;0;0;0;0;0;0;0;0;0;0;0;0;0;0;0;0;0;0;0;0;0;0;0;0;0;0;0;0
